House_Id,variable,value
15,Neighborhood,NAmes
17,Neighborhood,NAmes
20,Neighborhood,NAmes
27,Neighborhood,NAmes
29,Neighborhood,NAmes
34,Neighborhood,NAmes
38,Neighborhood,NAmes
39,Neighborhood,NAmes
41,Neighborhood,NAmes
45,Neighborhood,NAmes
55,Neighborhood,NAmes
56,Neighborhood,NAmes
67,Neighborhood,NAmes
71,Neighborhood,NAmes
74,Neighborhood,NAmes
77,Neighborhood,NAmes
81,Neighborhood,NAmes
84,Neighborhood,NAmes
91,Neighborhood,NAmes
92,Neighborhood,NAmes
100,Neighborhood,NAmes
123,Neighborhood,NAmes
129,Neighborhood,NAmes
130,Neighborhood,NAmes
131,Neighborhood,NAmes
133,Neighborhood,NAmes
137,Neighborhood,NAmes
141,Neighborhood,NAmes
143,Neighborhood,NAmes
157,Neighborhood,NAmes
172,Neighborhood,NAmes
174,Neighborhood,NAmes
192,Neighborhood,NAmes
198,Neighborhood,NAmes
208,Neighborhood,NAmes
210,Neighborhood,NAmes
216,Neighborhood,NAmes
224,Neighborhood,NAmes
231,Neighborhood,NAmes
248,Neighborhood,NAmes
254,Neighborhood,NAmes
255,Neighborhood,NAmes
261,Neighborhood,NAmes
274,Neighborhood,NAmes
287,Neighborhood,NAmes
288,Neighborhood,NAmes
295,Neighborhood,NAmes
312,Neighborhood,NAmes
325,Neighborhood,NAmes
328,Neighborhood,NAmes
331,Neighborhood,NAmes
332,Neighborhood,NAmes
340,Neighborhood,NAmes
343,Neighborhood,NAmes
347,Neighborhood,NAmes
348,Neighborhood,NAmes
367,Neighborhood,NAmes
368,Neighborhood,NAmes
369,Neighborhood,NAmes
370,Neighborhood,NAmes
374,Neighborhood,NAmes
393,Neighborhood,NAmes
398,Neighborhood,NAmes
420,Neighborhood,NAmes
425,Neighborhood,NAmes
428,Neighborhood,NAmes
447,Neighborhood,NAmes
467,Neighborhood,NAmes
468,Neighborhood,NAmes
486,Neighborhood,NAmes
487,Neighborhood,NAmes
492,Neighborhood,NAmes
494,Neighborhood,NAmes
500,Neighborhood,NAmes
510,Neighborhood,NAmes
511,Neighborhood,NAmes
513,Neighborhood,NAmes
522,Neighborhood,NAmes
527,Neighborhood,NAmes
533,Neighborhood,NAmes
538,Neighborhood,NAmes
544,Neighborhood,NAmes
557,Neighborhood,NAmes
570,Neighborhood,NAmes
571,Neighborhood,NAmes
572,Neighborhood,NAmes
575,Neighborhood,NAmes
576,Neighborhood,NAmes
581,Neighborhood,NAmes
606,Neighborhood,NAmes
616,Neighborhood,NAmes
618,Neighborhood,NAmes
626,Neighborhood,NAmes
627,Neighborhood,NAmes
628,Neighborhood,NAmes
629,Neighborhood,NAmes
630,Neighborhood,NAmes
634,Neighborhood,NAmes
643,Neighborhood,NAmes
646,Neighborhood,NAmes
647,Neighborhood,NAmes
649,Neighborhood,NAmes
657,Neighborhood,NAmes
659,Neighborhood,NAmes
663,Neighborhood,NAmes
667,Neighborhood,NAmes
675,Neighborhood,NAmes
723,Neighborhood,NAmes
726,Neighborhood,NAmes
729,Neighborhood,NAmes
737,Neighborhood,NAmes
755,Neighborhood,NAmes
761,Neighborhood,NAmes
774,Neighborhood,NAmes
798,Neighborhood,NAmes
805,Neighborhood,NAmes
807,Neighborhood,NAmes
809,Neighborhood,NAmes
814,Neighborhood,NAmes
817,Neighborhood,NAmes
831,Neighborhood,NAmes
834,Neighborhood,NAmes
835,Neighborhood,NAmes
843,Neighborhood,NAmes
844,Neighborhood,NAmes
854,Neighborhood,NAmes
864,Neighborhood,NAmes
866,Neighborhood,NAmes
871,Neighborhood,NAmes
873,Neighborhood,NAmes
874,Neighborhood,NAmes
885,Neighborhood,NAmes
887,Neighborhood,NAmes
889,Neighborhood,NAmes
890,Neighborhood,NAmes
891,Neighborhood,NAmes
896,Neighborhood,NAmes
901,Neighborhood,NAmes
902,Neighborhood,NAmes
906,Neighborhood,NAmes
911,Neighborhood,NAmes
920,Neighborhood,NAmes
932,Neighborhood,NAmes
935,Neighborhood,NAmes
947,Neighborhood,NAmes
951,Neighborhood,NAmes
968,Neighborhood,NAmes
970,Neighborhood,NAmes
971,Neighborhood,NAmes
981,Neighborhood,NAmes
993,Neighborhood,NAmes
997,Neighborhood,NAmes
1007,Neighborhood,NAmes
1015,Neighborhood,NAmes
1027,Neighborhood,NAmes
1029,Neighborhood,NAmes
1053,Neighborhood,NAmes
1065,Neighborhood,NAmes
1068,Neighborhood,NAmes
1070,Neighborhood,NAmes
1071,Neighborhood,NAmes
1078,Neighborhood,NAmes
1084,Neighborhood,NAmes
1091,Neighborhood,NAmes
1094,Neighborhood,NAmes
1095,Neighborhood,NAmes
1102,Neighborhood,NAmes
1103,Neighborhood,NAmes
1104,Neighborhood,NAmes
1113,Neighborhood,NAmes
1114,Neighborhood,NAmes
1120,Neighborhood,NAmes
1126,Neighborhood,NAmes
1137,Neighborhood,NAmes
1141,Neighborhood,NAmes
1151,Neighborhood,NAmes
1155,Neighborhood,NAmes
1157,Neighborhood,NAmes
1172,Neighborhood,NAmes
1201,Neighborhood,NAmes
1209,Neighborhood,NAmes
1215,Neighborhood,NAmes
1221,Neighborhood,NAmes
1223,Neighborhood,NAmes
1224,Neighborhood,NAmes
1226,Neighborhood,NAmes
1228,Neighborhood,NAmes
1230,Neighborhood,NAmes
1232,Neighborhood,NAmes
1233,Neighborhood,NAmes
1234,Neighborhood,NAmes
1250,Neighborhood,NAmes
1251,Neighborhood,NAmes
1260,Neighborhood,NAmes
1262,Neighborhood,NAmes
1265,Neighborhood,NAmes
1270,Neighborhood,NAmes
1276,Neighborhood,NAmes
1291,Neighborhood,NAmes
1296,Neighborhood,NAmes
1297,Neighborhood,NAmes
1300,Neighborhood,NAmes
1316,Neighborhood,NAmes
1321,Neighborhood,NAmes
1341,Neighborhood,NAmes
1351,Neighborhood,NAmes
1352,Neighborhood,NAmes
1357,Neighborhood,NAmes
1358,Neighborhood,NAmes
1363,Neighborhood,NAmes
1372,Neighborhood,NAmes
1382,Neighborhood,NAmes
1392,Neighborhood,NAmes
1393,Neighborhood,NAmes
1399,Neighborhood,NAmes
1412,Neighborhood,NAmes
1413,Neighborhood,NAmes
1419,Neighborhood,NAmes
1425,Neighborhood,NAmes
1426,Neighborhood,NAmes
1428,Neighborhood,NAmes
1436,Neighborhood,NAmes
1437,Neighborhood,NAmes
1451,Neighborhood,NAmes
1459,Neighborhood,NAmes
5,Neighborhood,NoRidge
86,Neighborhood,NoRidge
227,Neighborhood,NoRidge
232,Neighborhood,NoRidge
273,Neighborhood,NoRidge
319,Neighborhood,NoRidge
360,Neighborhood,NoRidge
404,Neighborhood,NoRidge
424,Neighborhood,NoRidge
497,Neighborhood,NoRidge
518,Neighborhood,NoRidge
525,Neighborhood,NoRidge
542,Neighborhood,NoRidge
565,Neighborhood,NoRidge
655,Neighborhood,NoRidge
662,Neighborhood,NoRidge
685,Neighborhood,NoRidge
692,Neighborhood,NoRidge
719,Neighborhood,NoRidge
749,Neighborhood,NoRidge
760,Neighborhood,NoRidge
764,Neighborhood,NoRidge
793,Neighborhood,NoRidge
982,Neighborhood,NoRidge
991,Neighborhood,NoRidge
1033,Neighborhood,NoRidge
1058,Neighborhood,NoRidge
1106,Neighborhood,NoRidge
1170,Neighborhood,NoRidge
1176,Neighborhood,NoRidge
1183,Neighborhood,NoRidge
1188,Neighborhood,NoRidge
1257,Neighborhood,NoRidge
1303,Neighborhood,NoRidge
1313,Neighborhood,NoRidge
1314,Neighborhood,NoRidge
1323,Neighborhood,NoRidge
1354,Neighborhood,NoRidge
1374,Neighborhood,NoRidge
1418,Neighborhood,NoRidge
1427,Neighborhood,NoRidge
127,Neighborhood,NPkVill
196,Neighborhood,NPkVill
505,Neighborhood,NPkVill
551,Neighborhood,NPkVill
676,Neighborhood,NPkVill
963,Neighborhood,NPkVill
1161,Neighborhood,NPkVill
1422,Neighborhood,NPkVill
1432,Neighborhood,NPkVill
12,Neighborhood,NridgHt
21,Neighborhood,NridgHt
26,Neighborhood,NridgHt
28,Neighborhood,NridgHt
35,Neighborhood,NridgHt
36,Neighborhood,NridgHt
46,Neighborhood,NridgHt
63,Neighborhood,NridgHt
66,Neighborhood,NridgHt
152,Neighborhood,NridgHt
162,Neighborhood,NridgHt
163,Neighborhood,NridgHt
168,Neighborhood,NridgHt
200,Neighborhood,NridgHt
225,Neighborhood,NridgHt
239,Neighborhood,NridgHt
279,Neighborhood,NridgHt
283,Neighborhood,NridgHt
310,Neighborhood,NridgHt
321,Neighborhood,NridgHt
322,Neighborhood,NridgHt
333,Neighborhood,NridgHt
334,Neighborhood,NridgHt
344,Neighborhood,NridgHt
349,Neighborhood,NridgHt
350,Neighborhood,NridgHt
351,Neighborhood,NridgHt
390,Neighborhood,NridgHt
409,Neighborhood,NridgHt
441,Neighborhood,NridgHt
469,Neighborhood,NridgHt
474,Neighborhood,NridgHt
478,Neighborhood,NridgHt
481,Neighborhood,NridgHt
482,Neighborhood,NridgHt
512,Neighborhood,NridgHt
516,Neighborhood,NridgHt
528,Neighborhood,NridgHt
553,Neighborhood,NridgHt
555,Neighborhood,NridgHt
568,Neighborhood,NridgHt
582,Neighborhood,NridgHt
592,Neighborhood,NridgHt
601,Neighborhood,NridgHt
619,Neighborhood,NridgHt
632,Neighborhood,NridgHt
641,Neighborhood,NridgHt
690,Neighborhood,NridgHt
708,Neighborhood,NridgHt
754,Neighborhood,NridgHt
775,Neighborhood,NridgHt
799,Neighborhood,NridgHt
804,Neighborhood,NridgHt
820,Neighborhood,NridgHt
826,Neighborhood,NridgHt
878,Neighborhood,NridgHt
899,Neighborhood,NridgHt
927,Neighborhood,NridgHt
972,Neighborhood,NridgHt
988,Neighborhood,NridgHt
995,Neighborhood,NridgHt
1043,Neighborhood,NridgHt
1057,Neighborhood,NridgHt
1059,Neighborhood,NridgHt
1110,Neighborhood,NridgHt
1116,Neighborhood,NridgHt
1158,Neighborhood,NridgHt
1166,Neighborhood,NridgHt
1229,Neighborhood,NridgHt
1237,Neighborhood,NridgHt
1244,Neighborhood,NridgHt
1252,Neighborhood,NridgHt
1290,Neighborhood,NridgHt
1306,Neighborhood,NridgHt
1307,Neighborhood,NridgHt
1360,Neighborhood,NridgHt
1438,Neighborhood,NridgHt
8,Neighborhood,NWAmes
101,Neighborhood,NWAmes
110,Neighborhood,NWAmes
125,Neighborhood,NWAmes
136,Neighborhood,NWAmes
153,Neighborhood,NWAmes
223,Neighborhood,NWAmes
246,Neighborhood,NWAmes
266,Neighborhood,NWAmes
294,Neighborhood,NWAmes
299,Neighborhood,NWAmes
317,Neighborhood,NWAmes
320,Neighborhood,NWAmes
339,Neighborhood,NWAmes
365,Neighborhood,NWAmes
422,Neighborhood,NWAmes
456,Neighborhood,NWAmes
472,Neighborhood,NWAmes
488,Neighborhood,NWAmes
517,Neighborhood,NWAmes
543,Neighborhood,NWAmes
546,Neighborhood,NWAmes
612,Neighborhood,NWAmes
622,Neighborhood,NWAmes
625,Neighborhood,NWAmes
633,Neighborhood,NWAmes
644,Neighborhood,NWAmes
661,Neighborhood,NWAmes
702,Neighborhood,NWAmes
716,Neighborhood,NWAmes
718,Neighborhood,NWAmes
746,Neighborhood,NWAmes
767,Neighborhood,NWAmes
786,Neighborhood,NWAmes
811,Neighborhood,NWAmes
859,Neighborhood,NWAmes
860,Neighborhood,NWAmes
925,Neighborhood,NWAmes
926,Neighborhood,NWAmes
928,Neighborhood,NWAmes
950,Neighborhood,NWAmes
962,Neighborhood,NWAmes
989,Neighborhood,NWAmes
998,Neighborhood,NWAmes
1004,Neighborhood,NWAmes
1016,Neighborhood,NWAmes
1042,Neighborhood,NWAmes
1045,Neighborhood,NWAmes
1056,Neighborhood,NWAmes
1072,Neighborhood,NWAmes
1081,Neighborhood,NWAmes
1100,Neighborhood,NWAmes
1112,Neighborhood,NWAmes
1142,Neighborhood,NWAmes
1160,Neighborhood,NWAmes
1205,Neighborhood,NWAmes
1243,Neighborhood,NWAmes
1246,Neighborhood,NWAmes
1272,Neighborhood,NWAmes
1277,Neighborhood,NWAmes
1278,Neighborhood,NWAmes
1287,Neighborhood,NWAmes
1294,Neighborhood,NWAmes
1336,Neighborhood,NWAmes
1337,Neighborhood,NWAmes
1347,Neighborhood,NWAmes
1356,Neighborhood,NWAmes
1387,Neighborhood,NWAmes
1410,Neighborhood,NWAmes
1421,Neighborhood,NWAmes
1430,Neighborhood,NWAmes
1440,Neighborhood,NWAmes
1457,Neighborhood,NWAmes
9,Neighborhood,OldTown
49,Neighborhood,OldTown
64,Neighborhood,OldTown
69,Neighborhood,OldTown
75,Neighborhood,OldTown
80,Neighborhood,OldTown
94,Neighborhood,OldTown
107,Neighborhood,OldTown
108,Neighborhood,OldTown
128,Neighborhood,OldTown
155,Neighborhood,OldTown
164,Neighborhood,OldTown
165,Neighborhood,OldTown
171,Neighborhood,OldTown
180,Neighborhood,OldTown
184,Neighborhood,OldTown
186,Neighborhood,OldTown
188,Neighborhood,OldTown
199,Neighborhood,OldTown
203,Neighborhood,OldTown
205,Neighborhood,OldTown
218,Neighborhood,OldTown
242,Neighborhood,OldTown
243,Neighborhood,OldTown
247,Neighborhood,OldTown
260,Neighborhood,OldTown
264,Neighborhood,OldTown
265,Neighborhood,OldTown
305,Neighborhood,OldTown
313,Neighborhood,OldTown
315,Neighborhood,OldTown
324,Neighborhood,OldTown
354,Neighborhood,OldTown
395,Neighborhood,OldTown
414,Neighborhood,OldTown
426,Neighborhood,OldTown
432,Neighborhood,OldTown
437,Neighborhood,OldTown
450,Neighborhood,OldTown
451,Neighborhood,OldTown
457,Neighborhood,OldTown
459,Neighborhood,OldTown
480,Neighborhood,OldTown
483,Neighborhood,OldTown
489,Neighborhood,OldTown
495,Neighborhood,OldTown
506,Neighborhood,OldTown
509,Neighborhood,OldTown
521,Neighborhood,OldTown
549,Neighborhood,OldTown
552,Neighborhood,OldTown
580,Neighborhood,OldTown
584,Neighborhood,OldTown
597,Neighborhood,OldTown
631,Neighborhood,OldTown
635,Neighborhood,OldTown
638,Neighborhood,OldTown
677,Neighborhood,OldTown
678,Neighborhood,OldTown
694,Neighborhood,OldTown
704,Neighborhood,OldTown
717,Neighborhood,OldTown
736,Neighborhood,OldTown
741,Neighborhood,OldTown
748,Neighborhood,OldTown
751,Neighborhood,OldTown
785,Neighborhood,OldTown
787,Neighborhood,OldTown
789,Neighborhood,OldTown
810,Neighborhood,OldTown
822,Neighborhood,OldTown
837,Neighborhood,OldTown
842,Neighborhood,OldTown
845,Neighborhood,OldTown
875,Neighborhood,OldTown
946,Neighborhood,OldTown
969,Neighborhood,OldTown
987,Neighborhood,OldTown
992,Neighborhood,OldTown
1002,Neighborhood,OldTown
1014,Neighborhood,OldTown
1023,Neighborhood,OldTown
1063,Neighborhood,OldTown
1064,Neighborhood,OldTown
1077,Neighborhood,OldTown
1115,Neighborhood,OldTown
1130,Neighborhood,OldTown
1133,Neighborhood,OldTown
1149,Neighborhood,OldTown
1150,Neighborhood,OldTown
1178,Neighborhood,OldTown
1184,Neighborhood,OldTown
1187,Neighborhood,OldTown
1193,Neighborhood,OldTown
1198,Neighborhood,OldTown
1249,Neighborhood,OldTown
1267,Neighborhood,OldTown
1293,Neighborhood,OldTown
1309,Neighborhood,OldTown
1329,Neighborhood,OldTown
1338,Neighborhood,OldTown
1346,Neighborhood,OldTown
1350,Neighborhood,OldTown
1371,Neighborhood,OldTown
1383,Neighborhood,OldTown
1388,Neighborhood,OldTown
1394,Neighborhood,OldTown
1405,Neighborhood,OldTown
1409,Neighborhood,OldTown
1417,Neighborhood,OldTown
1429,Neighborhood,OldTown
1433,Neighborhood,OldTown
1439,Neighborhood,OldTown
11,Neighborhood,Sawyer
13,Neighborhood,Sawyer
18,Neighborhood,Sawyer
25,Neighborhood,Sawyer
32,Neighborhood,Sawyer
50,Neighborhood,Sawyer
79,Neighborhood,Sawyer
117,Neighborhood,Sawyer
135,Neighborhood,Sawyer
145,Neighborhood,Sawyer
178,Neighborhood,Sawyer
207,Neighborhood,Sawyer
229,Neighborhood,Sawyer
263,Neighborhood,Sawyer
289,Neighborhood,Sawyer
403,Neighborhood,Sawyer
406,Neighborhood,Sawyer
417,Neighborhood,Sawyer
463,Neighborhood,Sawyer
476,Neighborhood,Sawyer
485,Neighborhood,Sawyer
499,Neighborhood,Sawyer
539,Neighborhood,Sawyer
561,Neighborhood,Sawyer
578,Neighborhood,Sawyer
588,Neighborhood,Sawyer
610,Neighborhood,Sawyer
623,Neighborhood,Sawyer
669,Neighborhood,Sawyer
680,Neighborhood,Sawyer
699,Neighborhood,Sawyer
710,Neighborhood,Sawyer
715,Neighborhood,Sawyer
734,Neighborhood,Sawyer
735,Neighborhood,Sawyer
742,Neighborhood,Sawyer
744,Neighborhood,Sawyer
758,Neighborhood,Sawyer
771,Neighborhood,Sawyer
778,Neighborhood,Sawyer
797,Neighborhood,Sawyer
836,Neighborhood,Sawyer
846,Neighborhood,Sawyer
855,Neighborhood,Sawyer
856,Neighborhood,Sawyer
862,Neighborhood,Sawyer
868,Neighborhood,Sawyer
879,Neighborhood,Sawyer
892,Neighborhood,Sawyer
893,Neighborhood,Sawyer
894,Neighborhood,Sawyer
900,Neighborhood,Sawyer
905,Neighborhood,Sawyer
958,Neighborhood,Sawyer
980,Neighborhood,Sawyer
1011,Neighborhood,Sawyer
1041,Neighborhood,Sawyer
1082,Neighborhood,Sawyer
1118,Neighborhood,Sawyer
1119,Neighborhood,Sawyer
1138,Neighborhood,Sawyer
1144,Neighborhood,Sawyer
1163,Neighborhood,Sawyer
1164,Neighborhood,Sawyer
1195,Neighborhood,Sawyer
1200,Neighborhood,Sawyer
1214,Neighborhood,Sawyer
1216,Neighborhood,Sawyer
1217,Neighborhood,Sawyer
1222,Neighborhood,Sawyer
1231,Neighborhood,Sawyer
1273,Neighborhood,Sawyer
1384,Neighborhood,Sawyer
1446,Neighborhood,Sawyer
19,Neighborhood,SawyerW
43,Neighborhood,SawyerW
61,Neighborhood,SawyerW
102,Neighborhood,SawyerW
103,Neighborhood,SawyerW
119,Neighborhood,SawyerW
124,Neighborhood,SawyerW
149,Neighborhood,SawyerW
189,Neighborhood,SawyerW
209,Neighborhood,SawyerW
238,Neighborhood,SawyerW
244,Neighborhood,SawyerW
245,Neighborhood,SawyerW
253,Neighborhood,SawyerW
281,Neighborhood,SawyerW
285,Neighborhood,SawyerW
307,Neighborhood,SawyerW
323,Neighborhood,SawyerW
342,Neighborhood,SawyerW
373,Neighborhood,SawyerW
384,Neighborhood,SawyerW
415,Neighborhood,SawyerW
427,Neighborhood,SawyerW
470,Neighborhood,SawyerW
507,Neighborhood,SawyerW
569,Neighborhood,SawyerW
603,Neighborhood,SawyerW
668,Neighborhood,SawyerW
681,Neighborhood,SawyerW
743,Neighborhood,SawyerW
779,Neighborhood,SawyerW
782,Neighborhood,SawyerW
788,Neighborhood,SawyerW
796,Neighborhood,SawyerW
828,Neighborhood,SawyerW
847,Neighborhood,SawyerW
863,Neighborhood,SawyerW
870,Neighborhood,SawyerW
895,Neighborhood,SawyerW
898,Neighborhood,SawyerW
919,Neighborhood,SawyerW
921,Neighborhood,SawyerW
924,Neighborhood,SawyerW
937,Neighborhood,SawyerW
952,Neighborhood,SawyerW
973,Neighborhood,SawyerW
1044,Neighborhood,SawyerW
1086,Neighborhood,SawyerW
1107,Neighborhood,SawyerW
1134,Neighborhood,SawyerW
1147,Neighborhood,SawyerW
1206,Neighborhood,SawyerW
1207,Neighborhood,SawyerW
1211,Neighborhood,SawyerW
1239,Neighborhood,SawyerW
1310,Neighborhood,SawyerW
1342,Neighborhood,SawyerW
1349,Neighborhood,SawyerW
1414,Neighborhood,SawyerW
7,Neighborhood,Somerst
48,Neighborhood,Somerst
57,Neighborhood,Somerst
83,Neighborhood,Somerst
88,Neighborhood,Somerst
106,Neighborhood,Somerst
116,Neighborhood,Somerst
159,Neighborhood,Somerst
181,Neighborhood,Somerst
197,Neighborhood,Somerst
213,Neighborhood,Somerst
241,Neighborhood,Somerst
257,Neighborhood,Somerst
271,Neighborhood,Somerst
282,Neighborhood,Somerst
284,Neighborhood,Somerst
286,Neighborhood,Somerst
298,Neighborhood,Somerst
318,Neighborhood,Somerst
378,Neighborhood,Somerst
382,Neighborhood,Somerst
400,Neighborhood,Somerst
410,Neighborhood,Somerst
413,Neighborhood,Somerst
454,Neighborhood,Somerst
461,Neighborhood,Somerst
502,Neighborhood,Somerst
508,Neighborhood,Somerst
526,Neighborhood,Somerst
550,Neighborhood,Somerst
579,Neighborhood,Somerst
604,Neighborhood,Somerst
624,Neighborhood,Somerst
642,Neighborhood,Somerst
645,Neighborhood,Somerst
651,Neighborhood,Somerst
665,Neighborhood,Somerst
687,Neighborhood,Somerst
688,Neighborhood,Somerst
700,Neighborhood,Somerst
756,Neighborhood,Somerst
759,Neighborhood,Somerst
763,Neighborhood,Somerst
766,Neighborhood,Somerst
794,Neighborhood,Somerst
806,Neighborhood,Somerst
825,Neighborhood,Somerst
830,Neighborhood,Somerst
832,Neighborhood,Somerst
865,Neighborhood,Somerst
876,Neighborhood,Somerst
886,Neighborhood,Somerst
907,Neighborhood,Somerst
915,Neighborhood,Somerst
933,Neighborhood,Somerst
938,Neighborhood,Somerst
960,Neighborhood,Somerst
974,Neighborhood,Somerst
976,Neighborhood,Somerst
978,Neighborhood,Somerst
990,Neighborhood,Somerst
1003,Neighborhood,Somerst
1088,Neighborhood,Somerst
1090,Neighborhood,Somerst
1092,Neighborhood,Somerst
1159,Neighborhood,Somerst
1173,Neighborhood,Somerst
1192,Neighborhood,Somerst
1210,Neighborhood,Somerst
1218,Neighborhood,Somerst
1227,Neighborhood,Somerst
1242,Neighborhood,Somerst
1247,Neighborhood,Somerst
1266,Neighborhood,Somerst
1304,Neighborhood,Somerst
1318,Neighborhood,Somerst
1325,Neighborhood,Somerst
1331,Neighborhood,Somerst
1359,Neighborhood,Somerst
1365,Neighborhood,Somerst
1366,Neighborhood,Somerst
1375,Neighborhood,Somerst
1404,Neighborhood,Somerst
1443,Neighborhood,Somerst
1452,Neighborhood,Somerst
1455,Neighborhood,Somerst
59,Neighborhood,StoneBr
173,Neighborhood,StoneBr
179,Neighborhood,StoneBr
190,Neighborhood,StoneBr
337,Neighborhood,StoneBr
379,Neighborhood,StoneBr
471,Neighborhood,StoneBr
475,Neighborhood,StoneBr
567,Neighborhood,StoneBr
596,Neighborhood,StoneBr
679,Neighborhood,StoneBr
686,Neighborhood,StoneBr
689,Neighborhood,StoneBr
703,Neighborhood,StoneBr
713,Neighborhood,StoneBr
721,Neighborhood,StoneBr
731,Neighborhood,StoneBr
745,Neighborhood,StoneBr
770,Neighborhood,StoneBr
1018,Neighborhood,StoneBr
1047,Neighborhood,StoneBr
1061,Neighborhood,StoneBr
1098,Neighborhood,StoneBr
1289,Neighborhood,StoneBr
1362,Neighborhood,StoneBr
268,Neighborhood,SWISU
292,Neighborhood,SWISU
355,Neighborhood,SWISU
381,Neighborhood,SWISU
407,Neighborhood,SWISU
462,Neighborhood,SWISU
566,Neighborhood,SWISU
577,Neighborhood,SWISU
636,Neighborhood,SWISU
682,Neighborhood,SWISU
800,Neighborhood,SWISU
824,Neighborhood,SWISU
841,Neighborhood,SWISU
884,Neighborhood,SWISU
1010,Neighborhood,SWISU
1031,Neighborhood,SWISU
1032,Neighborhood,SWISU
1093,Neighborhood,SWISU
1101,Neighborhood,SWISU
1131,Neighborhood,SWISU
1235,Neighborhood,SWISU
1285,Neighborhood,SWISU
1361,Neighborhood,SWISU
1377,Neighborhood,SWISU
1400,Neighborhood,SWISU
42,Neighborhood,Timber
134,Neighborhood,Timber
158,Neighborhood,Timber
170,Neighborhood,Timber
175,Neighborhood,Timber
314,Neighborhood,Timber
336,Neighborhood,Timber
341,Neighborhood,Timber
430,Neighborhood,Timber
453,Neighborhood,Timber
531,Neighborhood,Timber
541,Neighborhood,Timber
573,Neighborhood,Timber
586,Neighborhood,Timber
620,Neighborhood,Timber
693,Neighborhood,Timber
696,Neighborhood,Timber
701,Neighborhood,Timber
732,Neighborhood,Timber
867,Neighborhood,Timber
882,Neighborhood,Timber
931,Neighborhood,Timber
945,Neighborhood,Timber
948,Neighborhood,Timber
965,Neighborhood,Timber
1025,Neighborhood,Timber
1028,Neighborhood,Timber
1037,Neighborhood,Timber
1181,Neighborhood,Timber
1185,Neighborhood,Timber
1240,Neighborhood,Timber
1268,Neighborhood,Timber
1282,Neighborhood,Timber
1348,Neighborhood,Timber
1376,Neighborhood,Timber
1380,Neighborhood,Timber
1396,Neighborhood,Timber
1397,Neighborhood,Timber
2,Neighborhood,Veenker
54,Neighborhood,Veenker
161,Neighborhood,Veenker
327,Neighborhood,Veenker
401,Neighborhood,Veenker
673,Neighborhood,Veenker
765,Neighborhood,Veenker
850,Neighborhood,Veenker
1156,Neighborhood,Veenker
1165,Neighborhood,Veenker
1254,Neighborhood,Veenker
15,BldgType,1Fam
17,BldgType,1Fam
20,BldgType,1Fam
27,BldgType,1Fam
29,BldgType,1Fam
34,BldgType,1Fam
38,BldgType,1Fam
39,BldgType,1Fam
41,BldgType,1Fam
45,BldgType,1Fam
55,BldgType,1Fam
56,BldgType,1Fam
67,BldgType,1Fam
71,BldgType,1Fam
74,BldgType,1Fam
77,BldgType,1Fam
81,BldgType,1Fam
84,BldgType,1Fam
91,BldgType,1Fam
92,BldgType,1Fam
100,BldgType,1Fam
123,BldgType,1Fam
129,BldgType,1Fam
130,BldgType,1Fam
131,BldgType,1Fam
133,BldgType,1Fam
137,BldgType,1Fam
141,BldgType,1Fam
143,BldgType,1Fam
157,BldgType,1Fam
172,BldgType,1Fam
174,BldgType,1Fam
192,BldgType,1Fam
198,BldgType,1Fam
208,BldgType,1Fam
210,BldgType,1Fam
216,BldgType,1Fam
224,BldgType,1Fam
231,BldgType,1Fam
248,BldgType,1Fam
254,BldgType,1Fam
255,BldgType,1Fam
261,BldgType,1Fam
274,BldgType,1Fam
287,BldgType,1Fam
288,BldgType,1Fam
295,BldgType,1Fam
312,BldgType,1Fam
325,BldgType,1Fam
328,BldgType,1Fam
331,BldgType,Duplex
332,BldgType,1Fam
340,BldgType,1Fam
343,BldgType,Duplex
347,BldgType,1Fam
348,BldgType,1Fam
367,BldgType,1Fam
368,BldgType,1Fam
369,BldgType,1Fam
370,BldgType,1Fam
374,BldgType,1Fam
393,BldgType,1Fam
398,BldgType,1Fam
420,BldgType,1Fam
425,BldgType,1Fam
428,BldgType,1Fam
447,BldgType,1Fam
467,BldgType,1Fam
468,BldgType,1Fam
486,BldgType,1Fam
487,BldgType,1Fam
492,BldgType,1Fam
494,BldgType,1Fam
500,BldgType,1Fam
510,BldgType,1Fam
511,BldgType,1Fam
513,BldgType,1Fam
522,BldgType,1Fam
527,BldgType,1Fam
533,BldgType,1Fam
538,BldgType,1Fam
544,BldgType,TwnhsE
557,BldgType,1Fam
570,BldgType,Duplex
571,BldgType,Duplex
572,BldgType,1Fam
575,BldgType,1Fam
576,BldgType,1Fam
581,BldgType,1Fam
606,BldgType,1Fam
616,BldgType,1Fam
618,BldgType,1Fam
626,BldgType,1Fam
627,BldgType,1Fam
628,BldgType,1Fam
629,BldgType,1Fam
630,BldgType,1Fam
634,BldgType,1Fam
643,BldgType,1Fam
646,BldgType,1Fam
647,BldgType,1Fam
649,BldgType,1Fam
657,BldgType,1Fam
659,BldgType,1Fam
663,BldgType,1Fam
667,BldgType,1Fam
675,BldgType,1Fam
723,BldgType,1Fam
726,BldgType,1Fam
729,BldgType,Duplex
737,BldgType,Duplex
755,BldgType,1Fam
761,BldgType,1Fam
774,BldgType,1Fam
798,BldgType,1Fam
805,BldgType,1Fam
807,BldgType,1Fam
809,BldgType,1Fam
814,BldgType,1Fam
817,BldgType,1Fam
831,BldgType,1Fam
834,BldgType,1Fam
835,BldgType,1Fam
843,BldgType,1Fam
844,BldgType,Duplex
854,BldgType,1Fam
864,BldgType,1Fam
866,BldgType,1Fam
871,BldgType,1Fam
873,BldgType,1Fam
874,BldgType,1Fam
885,BldgType,1Fam
887,BldgType,Duplex
889,BldgType,1Fam
890,BldgType,1Fam
891,BldgType,1Fam
896,BldgType,1Fam
901,BldgType,1Fam
902,BldgType,1Fam
906,BldgType,1Fam
911,BldgType,Duplex
920,BldgType,1Fam
932,BldgType,1Fam
935,BldgType,1Fam
947,BldgType,1Fam
951,BldgType,1Fam
968,BldgType,1Fam
970,BldgType,Duplex
971,BldgType,1Fam
981,BldgType,1Fam
993,BldgType,1Fam
997,BldgType,1Fam
1007,BldgType,1Fam
1015,BldgType,1Fam
1027,BldgType,1Fam
1029,BldgType,1Fam
1053,BldgType,1Fam
1065,BldgType,1Fam
1068,BldgType,1Fam
1070,BldgType,1Fam
1071,BldgType,1Fam
1078,BldgType,1Fam
1084,BldgType,1Fam
1091,BldgType,Duplex
1094,BldgType,1Fam
1095,BldgType,1Fam
1102,BldgType,1Fam
1103,BldgType,1Fam
1104,BldgType,1Fam
1113,BldgType,1Fam
1114,BldgType,1Fam
1120,BldgType,1Fam
1126,BldgType,1Fam
1137,BldgType,1Fam
1141,BldgType,1Fam
1151,BldgType,1Fam
1155,BldgType,1Fam
1157,BldgType,1Fam
1172,BldgType,1Fam
1201,BldgType,1Fam
1209,BldgType,1Fam
1215,BldgType,1Fam
1221,BldgType,1Fam
1223,BldgType,1Fam
1224,BldgType,1Fam
1226,BldgType,1Fam
1228,BldgType,1Fam
1230,BldgType,1Fam
1232,BldgType,Duplex
1233,BldgType,Duplex
1234,BldgType,1Fam
1250,BldgType,1Fam
1251,BldgType,1Fam
1260,BldgType,1Fam
1262,BldgType,1Fam
1265,BldgType,TwnhsE
1270,BldgType,1Fam
1276,BldgType,Duplex
1291,BldgType,1Fam
1296,BldgType,1Fam
1297,BldgType,1Fam
1300,BldgType,1Fam
1316,BldgType,1Fam
1321,BldgType,1Fam
1341,BldgType,1Fam
1351,BldgType,Duplex
1352,BldgType,1Fam
1357,BldgType,1Fam
1358,BldgType,1Fam
1363,BldgType,1Fam
1372,BldgType,1Fam
1382,BldgType,1Fam
1392,BldgType,Duplex
1393,BldgType,1Fam
1399,BldgType,1Fam
1412,BldgType,1Fam
1413,BldgType,Duplex
1419,BldgType,1Fam
1425,BldgType,1Fam
1426,BldgType,1Fam
1428,BldgType,1Fam
1436,BldgType,1Fam
1437,BldgType,1Fam
1451,BldgType,Duplex
1459,BldgType,1Fam
5,BldgType,1Fam
86,BldgType,1Fam
227,BldgType,1Fam
232,BldgType,1Fam
273,BldgType,1Fam
319,BldgType,1Fam
360,BldgType,1Fam
404,BldgType,1Fam
424,BldgType,1Fam
497,BldgType,1Fam
518,BldgType,1Fam
525,BldgType,1Fam
542,BldgType,1Fam
565,BldgType,1Fam
655,BldgType,1Fam
662,BldgType,1Fam
685,BldgType,1Fam
692,BldgType,1Fam
719,BldgType,1Fam
749,BldgType,1Fam
760,BldgType,1Fam
764,BldgType,1Fam
793,BldgType,1Fam
982,BldgType,1Fam
991,BldgType,1Fam
1033,BldgType,1Fam
1058,BldgType,1Fam
1106,BldgType,1Fam
1170,BldgType,1Fam
1176,BldgType,1Fam
1183,BldgType,1Fam
1188,BldgType,1Fam
1257,BldgType,1Fam
1303,BldgType,1Fam
1313,BldgType,1Fam
1314,BldgType,1Fam
1323,BldgType,1Fam
1354,BldgType,1Fam
1374,BldgType,1Fam
1418,BldgType,1Fam
1427,BldgType,1Fam
127,BldgType,TwnhsE
196,BldgType,Twnhs
505,BldgType,TwnhsE
551,BldgType,TwnhsE
676,BldgType,Twnhs
963,BldgType,TwnhsE
1161,BldgType,Twnhs
1422,BldgType,TwnhsE
1432,BldgType,TwnhsE
12,BldgType,1Fam
21,BldgType,1Fam
26,BldgType,1Fam
28,BldgType,1Fam
35,BldgType,TwnhsE
36,BldgType,1Fam
46,BldgType,TwnhsE
63,BldgType,TwnhsE
66,BldgType,1Fam
152,BldgType,1Fam
162,BldgType,1Fam
163,BldgType,1Fam
168,BldgType,1Fam
200,BldgType,1Fam
225,BldgType,1Fam
239,BldgType,1Fam
279,BldgType,1Fam
283,BldgType,Twnhs
310,BldgType,1Fam
321,BldgType,1Fam
322,BldgType,1Fam
333,BldgType,1Fam
334,BldgType,TwnhsE
344,BldgType,TwnhsE
349,BldgType,Twnhs
350,BldgType,1Fam
351,BldgType,TwnhsE
390,BldgType,1Fam
409,BldgType,1Fam
441,BldgType,1Fam
469,BldgType,1Fam
474,BldgType,1Fam
478,BldgType,1Fam
481,BldgType,1Fam
482,BldgType,1Fam
512,BldgType,TwnhsE
516,BldgType,1Fam
528,BldgType,1Fam
553,BldgType,1Fam
555,BldgType,1Fam
568,BldgType,1Fam
582,BldgType,1Fam
592,BldgType,1Fam
601,BldgType,1Fam
619,BldgType,1Fam
632,BldgType,Twnhs
641,BldgType,TwnhsE
690,BldgType,TwnhsE
708,BldgType,TwnhsE
754,BldgType,1Fam
775,BldgType,1Fam
799,BldgType,1Fam
804,BldgType,1Fam
820,BldgType,TwnhsE
826,BldgType,1Fam
878,BldgType,1Fam
899,BldgType,1Fam
927,BldgType,1Fam
972,BldgType,Twnhs
988,BldgType,1Fam
995,BldgType,1Fam
1043,BldgType,Twnhs
1057,BldgType,TwnhsE
1059,BldgType,1Fam
1110,BldgType,1Fam
1116,BldgType,1Fam
1158,BldgType,Twnhs
1166,BldgType,1Fam
1229,BldgType,TwnhsE
1237,BldgType,Twnhs
1244,BldgType,1Fam
1252,BldgType,TwnhsE
1290,BldgType,1Fam
1306,BldgType,1Fam
1307,BldgType,TwnhsE
1360,BldgType,1Fam
1438,BldgType,1Fam
8,BldgType,1Fam
101,BldgType,1Fam
110,BldgType,1Fam
125,BldgType,1Fam
136,BldgType,1Fam
153,BldgType,1Fam
223,BldgType,1Fam
246,BldgType,1Fam
266,BldgType,1Fam
294,BldgType,1Fam
299,BldgType,1Fam
317,BldgType,1Fam
320,BldgType,1Fam
339,BldgType,1Fam
365,BldgType,1Fam
422,BldgType,1Fam
456,BldgType,1Fam
472,BldgType,1Fam
488,BldgType,1Fam
517,BldgType,1Fam
543,BldgType,1Fam
546,BldgType,1Fam
612,BldgType,1Fam
622,BldgType,1Fam
625,BldgType,1Fam
633,BldgType,1Fam
644,BldgType,1Fam
661,BldgType,1Fam
702,BldgType,1Fam
716,BldgType,1Fam
718,BldgType,1Fam
746,BldgType,1Fam
767,BldgType,1Fam
786,BldgType,1Fam
811,BldgType,1Fam
859,BldgType,1Fam
860,BldgType,1Fam
925,BldgType,1Fam
926,BldgType,1Fam
928,BldgType,1Fam
950,BldgType,1Fam
962,BldgType,1Fam
989,BldgType,1Fam
998,BldgType,1Fam
1004,BldgType,Duplex
1016,BldgType,1Fam
1042,BldgType,1Fam
1045,BldgType,1Fam
1056,BldgType,1Fam
1072,BldgType,1Fam
1081,BldgType,1Fam
1100,BldgType,1Fam
1112,BldgType,1Fam
1142,BldgType,1Fam
1160,BldgType,1Fam
1205,BldgType,1Fam
1243,BldgType,1Fam
1246,BldgType,1Fam
1272,BldgType,1Fam
1277,BldgType,1Fam
1278,BldgType,1Fam
1287,BldgType,1Fam
1294,BldgType,1Fam
1336,BldgType,1Fam
1337,BldgType,Duplex
1347,BldgType,1Fam
1356,BldgType,1Fam
1387,BldgType,1Fam
1410,BldgType,1Fam
1421,BldgType,1Fam
1430,BldgType,1Fam
1440,BldgType,1Fam
1457,BldgType,1Fam
9,BldgType,1Fam
49,BldgType,Duplex
64,BldgType,1Fam
69,BldgType,1Fam
75,BldgType,1Fam
80,BldgType,1Fam
94,BldgType,Duplex
107,BldgType,1Fam
108,BldgType,1Fam
128,BldgType,1Fam
155,BldgType,1Fam
164,BldgType,1Fam
165,BldgType,1Fam
171,BldgType,1Fam
180,BldgType,1Fam
184,BldgType,1Fam
186,BldgType,1Fam
188,BldgType,1Fam
199,BldgType,1Fam
203,BldgType,1Fam
205,BldgType,1Fam
218,BldgType,1Fam
242,BldgType,1Fam
243,BldgType,1Fam
247,BldgType,Duplex
260,BldgType,1Fam
264,BldgType,1Fam
265,BldgType,1Fam
305,BldgType,1Fam
313,BldgType,Duplex
315,BldgType,1Fam
324,BldgType,1Fam
354,BldgType,1Fam
395,BldgType,1Fam
414,BldgType,1Fam
426,BldgType,1Fam
432,BldgType,1Fam
437,BldgType,1Fam
450,BldgType,1Fam
451,BldgType,1Fam
457,BldgType,1Fam
459,BldgType,1Fam
480,BldgType,1Fam
483,BldgType,1Fam
489,BldgType,Duplex
495,BldgType,1Fam
506,BldgType,Duplex
509,BldgType,1Fam
521,BldgType,Duplex
549,BldgType,1Fam
552,BldgType,1Fam
580,BldgType,1Fam
584,BldgType,1Fam
597,BldgType,1Fam
631,BldgType,1Fam
635,BldgType,Duplex
638,BldgType,Duplex
677,BldgType,1Fam
678,BldgType,1Fam
694,BldgType,1Fam
704,BldgType,Duplex
717,BldgType,1Fam
736,BldgType,1Fam
741,BldgType,1Fam
748,BldgType,1Fam
751,BldgType,1Fam
785,BldgType,1Fam
787,BldgType,1Fam
789,BldgType,1Fam
810,BldgType,1Fam
822,BldgType,Duplex
837,BldgType,1Fam
842,BldgType,1Fam
845,BldgType,1Fam
875,BldgType,1Fam
946,BldgType,1Fam
969,BldgType,1Fam
987,BldgType,1Fam
992,BldgType,1Fam
1002,BldgType,1Fam
1014,BldgType,1Fam
1023,BldgType,1Fam
1063,BldgType,Duplex
1064,BldgType,1Fam
1077,BldgType,1Fam
1115,BldgType,1Fam
1130,BldgType,Duplex
1133,BldgType,1Fam
1149,BldgType,1Fam
1150,BldgType,1Fam
1178,BldgType,1Fam
1184,BldgType,1Fam
1187,BldgType,Duplex
1193,BldgType,1Fam
1198,BldgType,1Fam
1249,BldgType,1Fam
1267,BldgType,Duplex
1293,BldgType,1Fam
1309,BldgType,1Fam
1329,BldgType,1Fam
1338,BldgType,1Fam
1346,BldgType,1Fam
1350,BldgType,1Fam
1371,BldgType,1Fam
1383,BldgType,1Fam
1388,BldgType,1Fam
1394,BldgType,Duplex
1405,BldgType,1Fam
1409,BldgType,1Fam
1417,BldgType,Duplex
1429,BldgType,1Fam
1433,BldgType,1Fam
1439,BldgType,1Fam
11,BldgType,1Fam
13,BldgType,1Fam
18,BldgType,Duplex
25,BldgType,1Fam
32,BldgType,1Fam
50,BldgType,1Fam
79,BldgType,Duplex
117,BldgType,1Fam
135,BldgType,1Fam
145,BldgType,Duplex
178,BldgType,1Fam
207,BldgType,1Fam
229,BldgType,1Fam
263,BldgType,1Fam
289,BldgType,1Fam
403,BldgType,1Fam
406,BldgType,1Fam
417,BldgType,1Fam
463,BldgType,1Fam
476,BldgType,1Fam
485,BldgType,1Fam
499,BldgType,1Fam
539,BldgType,1Fam
561,BldgType,1Fam
578,BldgType,1Fam
588,BldgType,1Fam
610,BldgType,1Fam
623,BldgType,1Fam
669,BldgType,1Fam
680,BldgType,1Fam
699,BldgType,1Fam
710,BldgType,1Fam
715,BldgType,1Fam
734,BldgType,1Fam
735,BldgType,1Fam
742,BldgType,1Fam
744,BldgType,1Fam
758,BldgType,1Fam
771,BldgType,1Fam
778,BldgType,1Fam
797,BldgType,1Fam
836,BldgType,1Fam
846,BldgType,1Fam
855,BldgType,1Fam
856,BldgType,1Fam
862,BldgType,Duplex
868,BldgType,1Fam
879,BldgType,1Fam
892,BldgType,1Fam
893,BldgType,1Fam
894,BldgType,1Fam
900,BldgType,1Fam
905,BldgType,1Fam
958,BldgType,1Fam
980,BldgType,1Fam
1011,BldgType,1Fam
1041,BldgType,1Fam
1082,BldgType,1Fam
1118,BldgType,1Fam
1119,BldgType,1Fam
1138,BldgType,1Fam
1144,BldgType,1Fam
1163,BldgType,1Fam
1164,BldgType,Duplex
1195,BldgType,1Fam
1200,BldgType,1Fam
1214,BldgType,1Fam
1216,BldgType,1Fam
1217,BldgType,Duplex
1222,BldgType,1Fam
1231,BldgType,Duplex
1273,BldgType,1Fam
1384,BldgType,1Fam
1446,BldgType,1Fam
19,BldgType,1Fam
43,BldgType,1Fam
61,BldgType,1Fam
102,BldgType,1Fam
103,BldgType,Duplex
119,BldgType,1Fam
124,BldgType,TwnhsE
149,BldgType,1Fam
189,BldgType,Duplex
209,BldgType,1Fam
238,BldgType,1Fam
244,BldgType,TwnhsE
245,BldgType,1Fam
253,BldgType,1Fam
281,BldgType,1Fam
285,BldgType,TwnhsE
307,BldgType,1Fam
323,BldgType,1Fam
342,BldgType,1Fam
373,BldgType,TwnhsE
384,BldgType,1Fam
415,BldgType,1Fam
427,BldgType,1Fam
470,BldgType,1Fam
507,BldgType,1Fam
569,BldgType,1Fam
603,BldgType,1Fam
668,BldgType,1Fam
681,BldgType,TwnhsE
743,BldgType,1Fam
779,BldgType,Duplex
782,BldgType,1Fam
788,BldgType,1Fam
796,BldgType,1Fam
828,BldgType,1Fam
847,BldgType,1Fam
863,BldgType,1Fam
870,BldgType,1Fam
895,BldgType,Duplex
898,BldgType,Duplex
919,BldgType,1Fam
921,BldgType,1Fam
924,BldgType,TwnhsE
937,BldgType,1Fam
952,BldgType,1Fam
973,BldgType,TwnhsE
1044,BldgType,1Fam
1086,BldgType,1Fam
1107,BldgType,1Fam
1134,BldgType,1Fam
1147,BldgType,1Fam
1206,BldgType,1Fam
1207,BldgType,1Fam
1211,BldgType,1Fam
1239,BldgType,1Fam
1310,BldgType,1Fam
1342,BldgType,1Fam
1349,BldgType,1Fam
1414,BldgType,1Fam
7,BldgType,1Fam
48,BldgType,1Fam
57,BldgType,Twnhs
83,BldgType,1Fam
88,BldgType,TwnhsE
106,BldgType,1Fam
116,BldgType,TwnhsE
159,BldgType,1Fam
181,BldgType,Twnhs
197,BldgType,1Fam
213,BldgType,1Fam
241,BldgType,1Fam
257,BldgType,1Fam
271,BldgType,1Fam
282,BldgType,1Fam
284,BldgType,1Fam
286,BldgType,TwnhsE
298,BldgType,1Fam
318,BldgType,1Fam
378,BldgType,1Fam
382,BldgType,1Fam
400,BldgType,1Fam
410,BldgType,1Fam
413,BldgType,1Fam
454,BldgType,1Fam
461,BldgType,1Fam
502,BldgType,1Fam
508,BldgType,1Fam
526,BldgType,1Fam
550,BldgType,1Fam
579,BldgType,TwnhsE
604,BldgType,TwnhsE
624,BldgType,TwnhsE
642,BldgType,1Fam
645,BldgType,1Fam
651,BldgType,1Fam
665,BldgType,1Fam
687,BldgType,1Fam
688,BldgType,TwnhsE
700,BldgType,TwnhsE
756,BldgType,TwnhsE
759,BldgType,Twnhs
763,BldgType,1Fam
766,BldgType,1Fam
794,BldgType,1Fam
806,BldgType,1Fam
825,BldgType,1Fam
830,BldgType,Twnhs
832,BldgType,TwnhsE
865,BldgType,1Fam
876,BldgType,1Fam
886,BldgType,TwnhsE
907,BldgType,1Fam
915,BldgType,TwnhsE
933,BldgType,1Fam
938,BldgType,1Fam
960,BldgType,Twnhs
974,BldgType,1Fam
976,BldgType,Twnhs
978,BldgType,TwnhsE
990,BldgType,1Fam
1003,BldgType,1Fam
1088,BldgType,1Fam
1090,BldgType,TwnhsE
1092,BldgType,Twnhs
1159,BldgType,1Fam
1173,BldgType,TwnhsE
1192,BldgType,Twnhs
1210,BldgType,1Fam
1218,BldgType,1Fam
1227,BldgType,1Fam
1242,BldgType,1Fam
1247,BldgType,1Fam
1266,BldgType,TwnhsE
1304,BldgType,1Fam
1318,BldgType,TwnhsE
1325,BldgType,1Fam
1331,BldgType,1Fam
1359,BldgType,Twnhs
1365,BldgType,TwnhsE
1366,BldgType,1Fam
1375,BldgType,1Fam
1404,BldgType,1Fam
1443,BldgType,1Fam
1452,BldgType,1Fam
1455,BldgType,1Fam
59,BldgType,1Fam
173,BldgType,TwnhsE
179,BldgType,1Fam
190,BldgType,TwnhsE
337,BldgType,1Fam
379,BldgType,1Fam
471,BldgType,TwnhsE
475,BldgType,TwnhsE
567,BldgType,1Fam
596,BldgType,1Fam
679,BldgType,1Fam
686,BldgType,TwnhsE
689,BldgType,1Fam
703,BldgType,1Fam
713,BldgType,TwnhsE
721,BldgType,1Fam
731,BldgType,TwnhsE
745,BldgType,TwnhsE
770,BldgType,1Fam
1018,BldgType,TwnhsE
1047,BldgType,1Fam
1061,BldgType,TwnhsE
1098,BldgType,TwnhsE
1289,BldgType,TwnhsE
1362,BldgType,1Fam
268,BldgType,1Fam
292,BldgType,Duplex
355,BldgType,1Fam
381,BldgType,1Fam
407,BldgType,1Fam
462,BldgType,1Fam
566,BldgType,1Fam
577,BldgType,1Fam
636,BldgType,Duplex
682,BldgType,1Fam
800,BldgType,1Fam
824,BldgType,1Fam
841,BldgType,1Fam
884,BldgType,1Fam
1010,BldgType,1Fam
1031,BldgType,Duplex
1032,BldgType,1Fam
1093,BldgType,1Fam
1101,BldgType,1Fam
1131,BldgType,1Fam
1235,BldgType,1Fam
1285,BldgType,1Fam
1361,BldgType,1Fam
1377,BldgType,1Fam
1400,BldgType,1Fam
42,BldgType,1Fam
134,BldgType,1Fam
158,BldgType,1Fam
170,BldgType,1Fam
175,BldgType,1Fam
314,BldgType,1Fam
336,BldgType,Duplex
341,BldgType,1Fam
430,BldgType,1Fam
453,BldgType,1Fam
531,BldgType,1Fam
541,BldgType,1Fam
573,BldgType,1Fam
586,BldgType,1Fam
620,BldgType,1Fam
693,BldgType,1Fam
696,BldgType,1Fam
701,BldgType,1Fam
732,BldgType,1Fam
867,BldgType,1Fam
882,BldgType,1Fam
931,BldgType,1Fam
945,BldgType,1Fam
948,BldgType,1Fam
965,BldgType,1Fam
1025,BldgType,1Fam
1028,BldgType,1Fam
1037,BldgType,1Fam
1181,BldgType,1Fam
1185,BldgType,1Fam
1240,BldgType,1Fam
1268,BldgType,1Fam
1282,BldgType,1Fam
1348,BldgType,1Fam
1376,BldgType,1Fam
1380,BldgType,1Fam
1396,BldgType,1Fam
1397,BldgType,1Fam
2,BldgType,1Fam
54,BldgType,1Fam
161,BldgType,1Fam
327,BldgType,TwnhsE
401,BldgType,TwnhsE
673,BldgType,1Fam
765,BldgType,TwnhsE
850,BldgType,1Fam
1156,BldgType,1Fam
1165,BldgType,1Fam
1254,BldgType,1Fam
15,HouseStyle,1Story
17,HouseStyle,1Story
20,HouseStyle,1Story
27,HouseStyle,1Story
29,HouseStyle,1Story
34,HouseStyle,1Story
38,HouseStyle,1Story
39,HouseStyle,1Story
41,HouseStyle,1Story
45,HouseStyle,1Story
55,HouseStyle,SLvl
56,HouseStyle,1Story
67,HouseStyle,1Story
71,HouseStyle,1Story
74,HouseStyle,1Story
77,HouseStyle,1Story
81,HouseStyle,2Story
84,HouseStyle,1Story
91,HouseStyle,1Story
92,HouseStyle,1Story
100,HouseStyle,1Story
123,HouseStyle,1Story
129,HouseStyle,2Story
130,HouseStyle,1Story
131,HouseStyle,2Story
133,HouseStyle,1Story
137,HouseStyle,1Story
141,HouseStyle,1Story
143,HouseStyle,1.5Fin
157,HouseStyle,1Story
172,HouseStyle,1Story
174,HouseStyle,1Story
192,HouseStyle,2Story
198,HouseStyle,2Story
208,HouseStyle,1Story
210,HouseStyle,1Story
216,HouseStyle,1Story
224,HouseStyle,1Story
231,HouseStyle,1Story
248,HouseStyle,1Story
254,HouseStyle,SLvl
255,HouseStyle,1Story
261,HouseStyle,SLvl
274,HouseStyle,1Story
287,HouseStyle,1.5Fin
288,HouseStyle,1Story
295,HouseStyle,1Story
312,HouseStyle,1Story
325,HouseStyle,SLvl
328,HouseStyle,1Story
331,HouseStyle,1Story
332,HouseStyle,1Story
340,HouseStyle,1Story
343,HouseStyle,1Story
347,HouseStyle,1Story
348,HouseStyle,1Story
367,HouseStyle,1Story
368,HouseStyle,SLvl
369,HouseStyle,1Story
370,HouseStyle,1Story
374,HouseStyle,1Story
393,HouseStyle,1Story
398,HouseStyle,2Story
420,HouseStyle,1Story
425,HouseStyle,1Story
428,HouseStyle,1Story
447,HouseStyle,1Story
467,HouseStyle,1Story
468,HouseStyle,2Story
486,HouseStyle,1Story
487,HouseStyle,1Story
492,HouseStyle,1.5Fin
494,HouseStyle,1Story
500,HouseStyle,1Story
510,HouseStyle,1Story
511,HouseStyle,1Story
513,HouseStyle,1Story
522,HouseStyle,1Story
527,HouseStyle,1Story
533,HouseStyle,1Story
538,HouseStyle,1Story
544,HouseStyle,SFoyer
557,HouseStyle,1Story
570,HouseStyle,SFoyer
571,HouseStyle,1Story
572,HouseStyle,1Story
575,HouseStyle,SLvl
576,HouseStyle,1.5Fin
581,HouseStyle,1Story
606,HouseStyle,2Story
616,HouseStyle,SFoyer
618,HouseStyle,1.5Unf
626,HouseStyle,1Story
627,HouseStyle,1Story
628,HouseStyle,SLvl
629,HouseStyle,2Story
630,HouseStyle,SLvl
634,HouseStyle,1Story
643,HouseStyle,SLvl
646,HouseStyle,1Story
647,HouseStyle,1Story
649,HouseStyle,2Story
657,HouseStyle,1Story
659,HouseStyle,1.5Fin
663,HouseStyle,1Story
667,HouseStyle,2Story
675,HouseStyle,1Story
723,HouseStyle,1Story
726,HouseStyle,1Story
729,HouseStyle,1Story
737,HouseStyle,1Story
755,HouseStyle,1Story
761,HouseStyle,1Story
774,HouseStyle,1Story
798,HouseStyle,1Story
805,HouseStyle,1Story
807,HouseStyle,SLvl
809,HouseStyle,SLvl
814,HouseStyle,1Story
817,HouseStyle,1Story
831,HouseStyle,1Story
834,HouseStyle,1Story
835,HouseStyle,1Story
843,HouseStyle,SLvl
844,HouseStyle,1Story
854,HouseStyle,SLvl
864,HouseStyle,1Story
866,HouseStyle,1Story
871,HouseStyle,1Story
873,HouseStyle,1Story
874,HouseStyle,1Story
885,HouseStyle,1Story
887,HouseStyle,1Story
889,HouseStyle,1Story
890,HouseStyle,1Story
891,HouseStyle,1.5Fin
896,HouseStyle,2Story
901,HouseStyle,1Story
902,HouseStyle,1Story
906,HouseStyle,1Story
911,HouseStyle,2Story
920,HouseStyle,1Story
932,HouseStyle,1Story
935,HouseStyle,1Story
947,HouseStyle,SLvl
951,HouseStyle,1Story
968,HouseStyle,1Story
970,HouseStyle,SLvl
971,HouseStyle,1.5Fin
981,HouseStyle,SFoyer
993,HouseStyle,2Story
997,HouseStyle,1Story
1007,HouseStyle,1Story
1015,HouseStyle,1Story
1027,HouseStyle,1Story
1029,HouseStyle,1.5Fin
1053,HouseStyle,2Story
1065,HouseStyle,1Story
1068,HouseStyle,2Story
1070,HouseStyle,1.5Unf
1071,HouseStyle,1Story
1078,HouseStyle,1Story
1084,HouseStyle,1Story
1091,HouseStyle,1Story
1094,HouseStyle,1Story
1095,HouseStyle,1Story
1102,HouseStyle,1Story
1103,HouseStyle,1Story
1104,HouseStyle,1Story
1113,HouseStyle,1Story
1114,HouseStyle,1Story
1120,HouseStyle,1Story
1126,HouseStyle,1Story
1137,HouseStyle,1.5Fin
1141,HouseStyle,1Story
1151,HouseStyle,1Story
1155,HouseStyle,2Story
1157,HouseStyle,SLvl
1172,HouseStyle,1Story
1201,HouseStyle,1Story
1209,HouseStyle,1Story
1215,HouseStyle,SFoyer
1221,HouseStyle,1Story
1223,HouseStyle,1.5Fin
1224,HouseStyle,1Story
1226,HouseStyle,SLvl
1228,HouseStyle,1Story
1230,HouseStyle,SLvl
1232,HouseStyle,SLvl
1233,HouseStyle,1Story
1234,HouseStyle,1Story
1250,HouseStyle,1Story
1251,HouseStyle,1Story
1260,HouseStyle,1Story
1262,HouseStyle,1Story
1265,HouseStyle,1Story
1270,HouseStyle,1.5Fin
1276,HouseStyle,2Story
1291,HouseStyle,SLvl
1296,HouseStyle,1Story
1297,HouseStyle,1Story
1300,HouseStyle,1Story
1316,HouseStyle,2Story
1321,HouseStyle,1Story
1341,HouseStyle,1Story
1351,HouseStyle,2Story
1352,HouseStyle,2Story
1357,HouseStyle,1Story
1358,HouseStyle,1Story
1363,HouseStyle,1.5Fin
1372,HouseStyle,SLvl
1382,HouseStyle,1Story
1392,HouseStyle,1Story
1393,HouseStyle,SFoyer
1399,HouseStyle,1.5Fin
1412,HouseStyle,1.5Fin
1413,HouseStyle,1Story
1419,HouseStyle,1Story
1425,HouseStyle,1Story
1426,HouseStyle,1Story
1428,HouseStyle,1.5Fin
1436,HouseStyle,1Story
1437,HouseStyle,1Story
1451,HouseStyle,2Story
1459,HouseStyle,1Story
5,HouseStyle,2Story
86,HouseStyle,2Story
227,HouseStyle,2Story
232,HouseStyle,2Story
273,HouseStyle,2Story
319,HouseStyle,2Story
360,HouseStyle,2Story
404,HouseStyle,2Story
424,HouseStyle,2Story
497,HouseStyle,1Story
518,HouseStyle,2Story
525,HouseStyle,2Story
542,HouseStyle,2Story
565,HouseStyle,2Story
655,HouseStyle,1Story
662,HouseStyle,2Story
685,HouseStyle,2Story
692,HouseStyle,2Story
719,HouseStyle,2Story
749,HouseStyle,1Story
760,HouseStyle,2Story
764,HouseStyle,2Story
793,HouseStyle,2Story
982,HouseStyle,2Story
991,HouseStyle,2Story
1033,HouseStyle,2Story
1058,HouseStyle,2Story
1106,HouseStyle,2Story
1170,HouseStyle,2Story
1176,HouseStyle,1.5Fin
1183,HouseStyle,2Story
1188,HouseStyle,1Story
1257,HouseStyle,1Story
1303,HouseStyle,2Story
1313,HouseStyle,2Story
1314,HouseStyle,2Story
1323,HouseStyle,2Story
1354,HouseStyle,1.5Fin
1374,HouseStyle,1Story
1418,HouseStyle,2Story
1427,HouseStyle,2Story
127,HouseStyle,1Story
196,HouseStyle,2Story
505,HouseStyle,2Story
551,HouseStyle,1Story
676,HouseStyle,2Story
963,HouseStyle,2Story
1161,HouseStyle,2Story
1422,HouseStyle,1Story
1432,HouseStyle,1Story
12,HouseStyle,2Story
21,HouseStyle,2Story
26,HouseStyle,1Story
28,HouseStyle,1Story
35,HouseStyle,1Story
36,HouseStyle,2Story
46,HouseStyle,1Story
63,HouseStyle,1Story
66,HouseStyle,2Story
152,HouseStyle,1Story
162,HouseStyle,2Story
163,HouseStyle,1Story
168,HouseStyle,2Story
200,HouseStyle,1Story
225,HouseStyle,1Story
239,HouseStyle,1Story
279,HouseStyle,1Story
283,HouseStyle,1Story
310,HouseStyle,1Story
321,HouseStyle,2Story
322,HouseStyle,2Story
333,HouseStyle,1Story
334,HouseStyle,1Story
344,HouseStyle,1Story
349,HouseStyle,2Story
350,HouseStyle,2Story
351,HouseStyle,1Story
390,HouseStyle,2Story
409,HouseStyle,2Story
441,HouseStyle,1Story
469,HouseStyle,1Story
474,HouseStyle,1Story
478,HouseStyle,2Story
481,HouseStyle,1Story
482,HouseStyle,1Story
512,HouseStyle,1Story
516,HouseStyle,1Story
528,HouseStyle,2Story
553,HouseStyle,1Story
555,HouseStyle,2Story
568,HouseStyle,1Story
582,HouseStyle,1Story
592,HouseStyle,2Story
601,HouseStyle,2Story
619,HouseStyle,1Story
632,HouseStyle,1Story
641,HouseStyle,1Story
690,HouseStyle,1Story
708,HouseStyle,1Story
754,HouseStyle,2Story
775,HouseStyle,1Story
799,HouseStyle,2Story
804,HouseStyle,2Story
820,HouseStyle,1Story
826,HouseStyle,1Story
878,HouseStyle,2Story
899,HouseStyle,1Story
927,HouseStyle,2Story
972,HouseStyle,2Story
988,HouseStyle,1Story
995,HouseStyle,1Story
1043,HouseStyle,1Story
1057,HouseStyle,1Story
1059,HouseStyle,2Story
1110,HouseStyle,1Story
1116,HouseStyle,1Story
1158,HouseStyle,1Story
1166,HouseStyle,1Story
1229,HouseStyle,1Story
1237,HouseStyle,2Story
1244,HouseStyle,1Story
1252,HouseStyle,1Story
1290,HouseStyle,2Story
1306,HouseStyle,1Story
1307,HouseStyle,1Story
1360,HouseStyle,1Story
1438,HouseStyle,1Story
8,HouseStyle,2Story
101,HouseStyle,1Story
110,HouseStyle,1Story
125,HouseStyle,1Story
136,HouseStyle,1Story
153,HouseStyle,2Story
223,HouseStyle,2Story
246,HouseStyle,1Story
266,HouseStyle,1Story
294,HouseStyle,2Story
299,HouseStyle,2Story
317,HouseStyle,2Story
320,HouseStyle,SLvl
339,HouseStyle,1Story
365,HouseStyle,2Story
422,HouseStyle,1Story
456,HouseStyle,1Story
472,HouseStyle,2Story
488,HouseStyle,1Story
517,HouseStyle,SLvl
543,HouseStyle,1Story
546,HouseStyle,1.5Fin
612,HouseStyle,SLvl
622,HouseStyle,2Story
625,HouseStyle,2Story
633,HouseStyle,1Story
644,HouseStyle,2Story
661,HouseStyle,2Story
702,HouseStyle,1Story
716,HouseStyle,1Story
718,HouseStyle,1Story
746,HouseStyle,2Story
767,HouseStyle,2Story
786,HouseStyle,1Story
811,HouseStyle,1Story
859,HouseStyle,1Story
860,HouseStyle,2Story
925,HouseStyle,1Story
926,HouseStyle,1Story
928,HouseStyle,2Story
950,HouseStyle,1Story
962,HouseStyle,2Story
989,HouseStyle,2Story
998,HouseStyle,1Story
1004,HouseStyle,1Story
1016,HouseStyle,2Story
1042,HouseStyle,2Story
1045,HouseStyle,1Story
1056,HouseStyle,1Story
1072,HouseStyle,2Story
1081,HouseStyle,1Story
1100,HouseStyle,1Story
1112,HouseStyle,2Story
1142,HouseStyle,2Story
1160,HouseStyle,2Story
1205,HouseStyle,1Story
1243,HouseStyle,SFoyer
1246,HouseStyle,SLvl
1272,HouseStyle,1Story
1277,HouseStyle,2Story
1278,HouseStyle,SLvl
1287,HouseStyle,1Story
1294,HouseStyle,2Story
1336,HouseStyle,1Story
1337,HouseStyle,1Story
1347,HouseStyle,1Story
1356,HouseStyle,SLvl
1387,HouseStyle,2Story
1410,HouseStyle,2Story
1421,HouseStyle,2Story
1430,HouseStyle,1Story
1440,HouseStyle,SLvl
1457,HouseStyle,1Story
9,HouseStyle,1.5Fin
49,HouseStyle,2Story
64,HouseStyle,2Story
69,HouseStyle,1Story
75,HouseStyle,2Story
80,HouseStyle,2Story
94,HouseStyle,2.5Unf
107,HouseStyle,1Story
108,HouseStyle,1Story
128,HouseStyle,1.5Unf
155,HouseStyle,1Story
164,HouseStyle,1.5Unf
165,HouseStyle,1Story
171,HouseStyle,1.5Fin
180,HouseStyle,1Story
184,HouseStyle,1.5Fin
186,HouseStyle,2.5Fin
188,HouseStyle,1.5Fin
199,HouseStyle,2.5Fin
203,HouseStyle,1.5Fin
205,HouseStyle,1.5Fin
218,HouseStyle,2Story
242,HouseStyle,1Story
243,HouseStyle,1.5Fin
247,HouseStyle,2Story
260,HouseStyle,1Story
264,HouseStyle,1.5Fin
265,HouseStyle,1Story
305,HouseStyle,2.5Fin
313,HouseStyle,1.5Fin
315,HouseStyle,2Story
324,HouseStyle,1Story
354,HouseStyle,1Story
395,HouseStyle,1.5Fin
414,HouseStyle,1Story
426,HouseStyle,2Story
432,HouseStyle,1.5Fin
437,HouseStyle,1.5Fin
450,HouseStyle,1.5Fin
451,HouseStyle,1Story
457,HouseStyle,2Story
459,HouseStyle,2Story
480,HouseStyle,1Story
483,HouseStyle,2Story
489,HouseStyle,1.5Fin
495,HouseStyle,1Story
506,HouseStyle,2Story
509,HouseStyle,2Story
521,HouseStyle,2Story
549,HouseStyle,1Story
552,HouseStyle,1Story
580,HouseStyle,1.5Fin
584,HouseStyle,2.5Unf
597,HouseStyle,2Story
631,HouseStyle,2Story
635,HouseStyle,SFoyer
638,HouseStyle,1.5Fin
677,HouseStyle,2Story
678,HouseStyle,1Story
694,HouseStyle,1Story
704,HouseStyle,2Story
717,HouseStyle,2Story
736,HouseStyle,2.5Unf
741,HouseStyle,2Story
748,HouseStyle,2Story
751,HouseStyle,1.5Fin
785,HouseStyle,2.5Unf
787,HouseStyle,1.5Fin
789,HouseStyle,1Story
810,HouseStyle,2.5Unf
822,HouseStyle,1Story
837,HouseStyle,1Story
842,HouseStyle,2Story
845,HouseStyle,1.5Fin
875,HouseStyle,1.5Fin
946,HouseStyle,1.5Fin
969,HouseStyle,1.5Fin
987,HouseStyle,1.5Fin
992,HouseStyle,2Story
1002,HouseStyle,1Story
1014,HouseStyle,1Story
1023,HouseStyle,1.5Fin
1063,HouseStyle,2Story
1064,HouseStyle,1Story
1077,HouseStyle,1.5Fin
1115,HouseStyle,1Story
1130,HouseStyle,SFoyer
1133,HouseStyle,2Story
1149,HouseStyle,1.5Fin
1150,HouseStyle,2Story
1178,HouseStyle,1.5Fin
1184,HouseStyle,1Story
1187,HouseStyle,2Story
1193,HouseStyle,1.5Fin
1198,HouseStyle,2.5Unf
1249,HouseStyle,2.5Unf
1267,HouseStyle,2.5Unf
1293,HouseStyle,2Story
1309,HouseStyle,1Story
1329,HouseStyle,1.5Fin
1338,HouseStyle,1Story
1346,HouseStyle,1Story
1350,HouseStyle,2Story
1371,HouseStyle,1.5Fin
1383,HouseStyle,2Story
1388,HouseStyle,1.5Fin
1394,HouseStyle,1.5Fin
1405,HouseStyle,1.5Fin
1409,HouseStyle,2Story
1417,HouseStyle,2Story
1429,HouseStyle,1Story
1433,HouseStyle,1Story
1439,HouseStyle,1Story
11,HouseStyle,1Story
13,HouseStyle,1Story
18,HouseStyle,1Story
25,HouseStyle,1Story
32,HouseStyle,1Story
50,HouseStyle,1Story
79,HouseStyle,1Story
117,HouseStyle,1Story
135,HouseStyle,1Story
145,HouseStyle,1Story
178,HouseStyle,1.5Fin
207,HouseStyle,1Story
229,HouseStyle,1Story
263,HouseStyle,SLvl
289,HouseStyle,1Story
403,HouseStyle,1Story
406,HouseStyle,1Story
417,HouseStyle,2Story
463,HouseStyle,1Story
476,HouseStyle,1Story
485,HouseStyle,1Story
499,HouseStyle,1Story
539,HouseStyle,1Story
561,HouseStyle,1Story
578,HouseStyle,SLvl
588,HouseStyle,SFoyer
610,HouseStyle,1Story
623,HouseStyle,1Story
669,HouseStyle,1Story
680,HouseStyle,1Story
699,HouseStyle,1Story
710,HouseStyle,1Story
715,HouseStyle,2Story
734,HouseStyle,1Story
735,HouseStyle,1Story
742,HouseStyle,1Story
744,HouseStyle,SLvl
758,HouseStyle,2Story
771,HouseStyle,SFoyer
778,HouseStyle,1Story
797,HouseStyle,1Story
836,HouseStyle,1Story
846,HouseStyle,SFoyer
855,HouseStyle,1Story
856,HouseStyle,1Story
862,HouseStyle,1Story
868,HouseStyle,1Story
879,HouseStyle,SFoyer
892,HouseStyle,2Story
893,HouseStyle,1Story
894,HouseStyle,1Story
900,HouseStyle,1Story
905,HouseStyle,1Story
958,HouseStyle,1Story
980,HouseStyle,1Story
1011,HouseStyle,1.5Fin
1041,HouseStyle,1Story
1082,HouseStyle,1Story
1118,HouseStyle,1Story
1119,HouseStyle,SLvl
1138,HouseStyle,1.5Fin
1144,HouseStyle,1Story
1163,HouseStyle,1Story
1164,HouseStyle,SFoyer
1195,HouseStyle,2Story
1200,HouseStyle,1Story
1214,HouseStyle,SLvl
1216,HouseStyle,1Story
1217,HouseStyle,1.5Fin
1222,HouseStyle,1Story
1231,HouseStyle,1.5Fin
1273,HouseStyle,1Story
1384,HouseStyle,1Story
1446,HouseStyle,SFoyer
19,HouseStyle,1Story
43,HouseStyle,SFoyer
61,HouseStyle,1Story
102,HouseStyle,2Story
103,HouseStyle,1Story
119,HouseStyle,2Story
124,HouseStyle,1Story
149,HouseStyle,1Story
189,HouseStyle,SFoyer
209,HouseStyle,2Story
238,HouseStyle,2Story
244,HouseStyle,2Story
245,HouseStyle,2Story
253,HouseStyle,2Story
281,HouseStyle,2Story
285,HouseStyle,1Story
307,HouseStyle,2Story
323,HouseStyle,2Story
342,HouseStyle,1Story
373,HouseStyle,1Story
384,HouseStyle,1.5Unf
415,HouseStyle,2Story
427,HouseStyle,SLvl
470,HouseStyle,2Story
507,HouseStyle,2Story
569,HouseStyle,1.5Fin
603,HouseStyle,2Story
668,HouseStyle,1Story
681,HouseStyle,1Story
743,HouseStyle,1Story
779,HouseStyle,1Story
782,HouseStyle,2Story
788,HouseStyle,2Story
796,HouseStyle,2Story
828,HouseStyle,1Story
847,HouseStyle,2Story
863,HouseStyle,1Story
870,HouseStyle,2Story
895,HouseStyle,1Story
898,HouseStyle,2Story
919,HouseStyle,2Story
921,HouseStyle,2Story
924,HouseStyle,1Story
937,HouseStyle,1Story
952,HouseStyle,1Story
973,HouseStyle,1Story
1044,HouseStyle,2Story
1086,HouseStyle,SFoyer
1107,HouseStyle,1Story
1134,HouseStyle,2Story
1147,HouseStyle,1Story
1206,HouseStyle,1Story
1207,HouseStyle,1Story
1211,HouseStyle,2Story
1239,HouseStyle,1Story
1310,HouseStyle,1Story
1342,HouseStyle,1Story
1349,HouseStyle,1Story
1414,HouseStyle,1Story
7,HouseStyle,1Story
48,HouseStyle,1Story
57,HouseStyle,2Story
83,HouseStyle,1Story
88,HouseStyle,2Story
106,HouseStyle,2Story
116,HouseStyle,2Story
159,HouseStyle,2Story
181,HouseStyle,2Story
197,HouseStyle,1Story
213,HouseStyle,2Story
241,HouseStyle,1Story
257,HouseStyle,2Story
271,HouseStyle,2Story
282,HouseStyle,1Story
284,HouseStyle,1Story
286,HouseStyle,2Story
298,HouseStyle,2Story
318,HouseStyle,2Story
378,HouseStyle,2Story
382,HouseStyle,1Story
400,HouseStyle,2Story
410,HouseStyle,2Story
413,HouseStyle,1Story
454,HouseStyle,2Story
461,HouseStyle,2Story
502,HouseStyle,2Story
508,HouseStyle,1Story
526,HouseStyle,1Story
550,HouseStyle,2Story
579,HouseStyle,2Story
604,HouseStyle,2Story
624,HouseStyle,2Story
642,HouseStyle,2Story
645,HouseStyle,1Story
651,HouseStyle,2Story
665,HouseStyle,1Story
687,HouseStyle,2Story
688,HouseStyle,2Story
700,HouseStyle,1Story
756,HouseStyle,2Story
759,HouseStyle,2Story
763,HouseStyle,2Story
766,HouseStyle,1Story
794,HouseStyle,1Story
806,HouseStyle,1Story
825,HouseStyle,1Story
830,HouseStyle,2Story
832,HouseStyle,2Story
865,HouseStyle,1Story
876,HouseStyle,2Story
886,HouseStyle,1Story
907,HouseStyle,1Story
915,HouseStyle,2Story
933,HouseStyle,1Story
938,HouseStyle,2Story
960,HouseStyle,2Story
974,HouseStyle,1Story
976,HouseStyle,2Story
978,HouseStyle,1Story
990,HouseStyle,2Story
1003,HouseStyle,1Story
1088,HouseStyle,2Story
1090,HouseStyle,1Story
1092,HouseStyle,2Story
1159,HouseStyle,1Story
1173,HouseStyle,2Story
1192,HouseStyle,2Story
1210,HouseStyle,1Story
1218,HouseStyle,1Story
1227,HouseStyle,2Story
1242,HouseStyle,1Story
1247,HouseStyle,2Story
1266,HouseStyle,2Story
1304,HouseStyle,1Story
1318,HouseStyle,1Story
1325,HouseStyle,1Story
1331,HouseStyle,1Story
1359,HouseStyle,2Story
1365,HouseStyle,2Story
1366,HouseStyle,2Story
1375,HouseStyle,2Story
1404,HouseStyle,1Story
1443,HouseStyle,2Story
1452,HouseStyle,1Story
1455,HouseStyle,1Story
59,HouseStyle,2Story
173,HouseStyle,2Story
179,HouseStyle,1Story
190,HouseStyle,1Story
337,HouseStyle,1Story
379,HouseStyle,1Story
471,HouseStyle,1Story
475,HouseStyle,1Story
567,HouseStyle,2Story
596,HouseStyle,1Story
679,HouseStyle,1Story
686,HouseStyle,2Story
689,HouseStyle,1Story
703,HouseStyle,2Story
713,HouseStyle,1Story
721,HouseStyle,1Story
731,HouseStyle,1Story
745,HouseStyle,1Story
770,HouseStyle,2Story
1018,HouseStyle,1Story
1047,HouseStyle,2Story
1061,HouseStyle,1Story
1098,HouseStyle,1Story
1289,HouseStyle,1Story
1362,HouseStyle,1Story
268,HouseStyle,2.5Fin
292,HouseStyle,2Story
355,HouseStyle,1.5Fin
381,HouseStyle,1.5Fin
407,HouseStyle,1.5Fin
462,HouseStyle,2Story
566,HouseStyle,2Story
577,HouseStyle,1.5Fin
636,HouseStyle,2.5Fin
682,HouseStyle,1.5Fin
800,HouseStyle,1.5Fin
824,HouseStyle,1.5Fin
841,HouseStyle,2Story
884,HouseStyle,2.5Fin
1010,HouseStyle,1.5Fin
1031,HouseStyle,2Story
1032,HouseStyle,2.5Fin
1093,HouseStyle,1.5Fin
1101,HouseStyle,1Story
1131,HouseStyle,1.5Fin
1235,HouseStyle,2Story
1285,HouseStyle,1.5Fin
1361,HouseStyle,2Story
1377,HouseStyle,1Story
1400,HouseStyle,1.5Fin
42,HouseStyle,1Story
134,HouseStyle,1Story
158,HouseStyle,2Story
170,HouseStyle,1Story
175,HouseStyle,1Story
314,HouseStyle,1Story
336,HouseStyle,1.5Fin
341,HouseStyle,2Story
430,HouseStyle,1Story
453,HouseStyle,2Story
531,HouseStyle,SLvl
541,HouseStyle,1Story
573,HouseStyle,2Story
586,HouseStyle,1Story
620,HouseStyle,2Story
693,HouseStyle,2Story
696,HouseStyle,1Story
701,HouseStyle,1Story
732,HouseStyle,SLvl
867,HouseStyle,1Story
882,HouseStyle,1.5Fin
931,HouseStyle,1Story
945,HouseStyle,SLvl
948,HouseStyle,1Story
965,HouseStyle,2Story
1025,HouseStyle,1Story
1028,HouseStyle,1Story
1037,HouseStyle,1Story
1181,HouseStyle,2Story
1185,HouseStyle,1Story
1240,HouseStyle,1Story
1268,HouseStyle,1Story
1282,HouseStyle,1Story
1348,HouseStyle,1Story
1376,HouseStyle,1Story
1380,HouseStyle,SLvl
1396,HouseStyle,2Story
1397,HouseStyle,1Story
2,HouseStyle,1Story
54,HouseStyle,1Story
161,HouseStyle,1Story
327,HouseStyle,1Story
401,HouseStyle,1Story
673,HouseStyle,1Story
765,HouseStyle,1Story
850,HouseStyle,SLvl
1156,HouseStyle,1Story
1165,HouseStyle,SLvl
1254,HouseStyle,2Story
15,OverallQual,6
17,OverallQual,6
20,OverallQual,5
27,OverallQual,5
29,OverallQual,5
34,OverallQual,5
38,OverallQual,5
39,OverallQual,5
41,OverallQual,6
45,OverallQual,5
55,OverallQual,5
56,OverallQual,6
67,OverallQual,7
71,OverallQual,7
74,OverallQual,5
77,OverallQual,4
81,OverallQual,6
84,OverallQual,5
91,OverallQual,4
92,OverallQual,5
100,OverallQual,4
123,OverallQual,6
129,OverallQual,6
130,OverallQual,5
131,OverallQual,7
133,OverallQual,5
137,OverallQual,5
141,OverallQual,4
143,OverallQual,5
157,OverallQual,5
172,OverallQual,6
174,OverallQual,6
192,OverallQual,7
198,OverallQual,8
208,OverallQual,4
210,OverallQual,6
216,OverallQual,5
224,OverallQual,4
231,OverallQual,6
248,OverallQual,6
254,OverallQual,6
255,OverallQual,5
261,OverallQual,6
274,OverallQual,6
287,OverallQual,6
288,OverallQual,4
295,OverallQual,6
312,OverallQual,6
325,OverallQual,7
328,OverallQual,6
331,OverallQual,5
332,OverallQual,5
340,OverallQual,6
343,OverallQual,3
347,OverallQual,6
348,OverallQual,6
367,OverallQual,6
368,OverallQual,6
369,OverallQual,5
370,OverallQual,5
374,OverallQual,5
393,OverallQual,5
398,OverallQual,5
420,OverallQual,5
425,OverallQual,6
428,OverallQual,4
447,OverallQual,6
467,OverallQual,7
468,OverallQual,5
486,OverallQual,5
487,OverallQual,5
492,OverallQual,6
494,OverallQual,5
500,OverallQual,5
510,OverallQual,5
511,OverallQual,5
513,OverallQual,5
522,OverallQual,6
527,OverallQual,5
533,OverallQual,5
538,OverallQual,4
544,OverallQual,7
557,OverallQual,5
570,OverallQual,5
571,OverallQual,5
572,OverallQual,6
575,OverallQual,5
576,OverallQual,5
581,OverallQual,6
606,OverallQual,7
616,OverallQual,6
618,OverallQual,6
626,OverallQual,6
627,OverallQual,5
628,OverallQual,6
629,OverallQual,5
630,OverallQual,6
634,OverallQual,5
643,OverallQual,8
646,OverallQual,6
647,OverallQual,5
649,OverallQual,6
657,OverallQual,5
659,OverallQual,6
663,OverallQual,6
667,OverallQual,6
675,OverallQual,6
723,OverallQual,4
726,OverallQual,4
729,OverallQual,5
737,OverallQual,3
755,OverallQual,6
761,OverallQual,6
774,OverallQual,5
798,OverallQual,5
805,OverallQual,5
807,OverallQual,5
809,OverallQual,5
814,OverallQual,6
817,OverallQual,5
831,OverallQual,6
834,OverallQual,6
835,OverallQual,5
843,OverallQual,6
844,OverallQual,5
854,OverallQual,6
864,OverallQual,5
866,OverallQual,5
871,OverallQual,5
873,OverallQual,5
874,OverallQual,5
885,OverallQual,5
887,OverallQual,5
889,OverallQual,8
890,OverallQual,6
891,OverallQual,5
896,OverallQual,6
901,OverallQual,4
902,OverallQual,5
906,OverallQual,5
911,OverallQual,5
920,OverallQual,6
932,OverallQual,5
935,OverallQual,7
947,OverallQual,5
951,OverallQual,5
968,OverallQual,5
970,OverallQual,6
971,OverallQual,4
981,OverallQual,7
993,OverallQual,6
997,OverallQual,5
1007,OverallQual,6
1015,OverallQual,6
1027,OverallQual,5
1029,OverallQual,5
1053,OverallQual,6
1065,OverallQual,5
1068,OverallQual,6
1070,OverallQual,5
1071,OverallQual,5
1078,OverallQual,5
1084,OverallQual,6
1091,OverallQual,3
1094,OverallQual,5
1095,OverallQual,5
1102,OverallQual,5
1103,OverallQual,5
1104,OverallQual,6
1113,OverallQual,5
1114,OverallQual,5
1120,OverallQual,5
1126,OverallQual,4
1137,OverallQual,6
1141,OverallQual,5
1151,OverallQual,6
1155,OverallQual,7
1157,OverallQual,5
1172,OverallQual,6
1201,OverallQual,4
1209,OverallQual,5
1215,OverallQual,5
1221,OverallQual,5
1223,OverallQual,6
1224,OverallQual,5
1226,OverallQual,6
1228,OverallQual,5
1230,OverallQual,5
1232,OverallQual,5
1233,OverallQual,4
1234,OverallQual,5
1250,OverallQual,5
1251,OverallQual,7
1260,OverallQual,6
1262,OverallQual,5
1265,OverallQual,6
1270,OverallQual,5
1276,OverallQual,5
1291,OverallQual,5
1296,OverallQual,5
1297,OverallQual,5
1300,OverallQual,5
1316,OverallQual,6
1321,OverallQual,6
1341,OverallQual,4
1351,OverallQual,5
1352,OverallQual,6
1357,OverallQual,5
1358,OverallQual,5
1363,OverallQual,4
1372,OverallQual,6
1382,OverallQual,6
1392,OverallQual,5
1393,OverallQual,5
1399,OverallQual,5
1412,OverallQual,6
1413,OverallQual,4
1419,OverallQual,5
1425,OverallQual,5
1426,OverallQual,6
1428,OverallQual,5
1436,OverallQual,6
1437,OverallQual,4
1451,OverallQual,5
1459,OverallQual,5
5,OverallQual,8
86,OverallQual,8
227,OverallQual,7
232,OverallQual,8
273,OverallQual,8
319,OverallQual,7
360,OverallQual,8
404,OverallQual,8
424,OverallQual,8
497,OverallQual,8
518,OverallQual,7
525,OverallQual,7
542,OverallQual,8
565,OverallQual,7
655,OverallQual,8
662,OverallQual,8
685,OverallQual,7
692,OverallQual,10
719,OverallQual,7
749,OverallQual,7
760,OverallQual,8
764,OverallQual,8
793,OverallQual,7
982,OverallQual,8
991,OverallQual,8
1033,OverallQual,8
1058,OverallQual,7
1106,OverallQual,8
1170,OverallQual,10
1176,OverallQual,8
1183,OverallQual,10
1188,OverallQual,8
1257,OverallQual,8
1303,OverallQual,8
1313,OverallQual,8
1314,OverallQual,9
1323,OverallQual,7
1354,OverallQual,8
1374,OverallQual,10
1418,OverallQual,8
1427,OverallQual,7
127,OverallQual,6
196,OverallQual,6
505,OverallQual,6
551,OverallQual,6
676,OverallQual,6
963,OverallQual,6
1161,OverallQual,6
1422,OverallQual,6
1432,OverallQual,6
12,OverallQual,9
21,OverallQual,8
26,OverallQual,8
28,OverallQual,8
35,OverallQual,9
36,OverallQual,8
46,OverallQual,9
63,OverallQual,8
66,OverallQual,8
152,OverallQual,8
162,OverallQual,9
163,OverallQual,7
168,OverallQual,8
200,OverallQual,8
225,OverallQual,10
239,OverallQual,8
279,OverallQual,9
283,OverallQual,7
310,OverallQual,9
321,OverallQual,9
322,OverallQual,8
333,OverallQual,8
334,OverallQual,7
344,OverallQual,9
349,OverallQual,7
350,OverallQual,9
351,OverallQual,9
390,OverallQual,10
409,OverallQual,7
441,OverallQual,10
469,OverallQual,8
474,OverallQual,8
478,OverallQual,9
481,OverallQual,9
482,OverallQual,9
512,OverallQual,7
516,OverallQual,10
528,OverallQual,9
553,OverallQual,8
555,OverallQual,7
568,OverallQual,7
582,OverallQual,8
592,OverallQual,10
601,OverallQual,8
619,OverallQual,9
632,OverallQual,8
641,OverallQual,8
690,OverallQual,6
708,OverallQual,8
754,OverallQual,8
775,OverallQual,8
799,OverallQual,9
804,OverallQual,9
820,OverallQual,7
826,OverallQual,10
878,OverallQual,9
899,OverallQual,9
927,OverallQual,8
972,OverallQual,7
988,OverallQual,9
995,OverallQual,10
1043,OverallQual,6
1057,OverallQual,7
1059,OverallQual,9
1110,OverallQual,8
1116,OverallQual,8
1158,OverallQual,7
1166,OverallQual,7
1229,OverallQual,9
1237,OverallQual,7
1244,OverallQual,10
1252,OverallQual,7
1290,OverallQual,8
1306,OverallQual,9
1307,OverallQual,7
1360,OverallQual,9
1438,OverallQual,8
8,OverallQual,7
101,OverallQual,6
110,OverallQual,6
125,OverallQual,6
136,OverallQual,7
153,OverallQual,6
223,OverallQual,6
246,OverallQual,7
266,OverallQual,6
294,OverallQual,7
299,OverallQual,6
317,OverallQual,7
320,OverallQual,7
339,OverallQual,7
365,OverallQual,6
422,OverallQual,6
456,OverallQual,7
472,OverallQual,7
488,OverallQual,5
517,OverallQual,6
543,OverallQual,7
546,OverallQual,7
612,OverallQual,6
622,OverallQual,6
625,OverallQual,6
633,OverallQual,7
644,OverallQual,5
661,OverallQual,7
702,OverallQual,7
716,OverallQual,6
718,OverallQual,5
746,OverallQual,8
767,OverallQual,7
786,OverallQual,6
811,OverallQual,6
859,OverallQual,7
860,OverallQual,6
925,OverallQual,6
926,OverallQual,5
928,OverallQual,7
950,OverallQual,6
962,OverallQual,6
989,OverallQual,6
998,OverallQual,6
1004,OverallQual,5
1016,OverallQual,8
1042,OverallQual,6
1045,OverallQual,8
1056,OverallQual,6
1072,OverallQual,6
1081,OverallQual,6
1100,OverallQual,7
1112,OverallQual,7
1142,OverallQual,5
1160,OverallQual,6
1205,OverallQual,5
1243,OverallQual,7
1246,OverallQual,6
1272,OverallQual,6
1277,OverallQual,6
1278,OverallQual,6
1287,OverallQual,6
1294,OverallQual,7
1336,OverallQual,6
1337,OverallQual,5
1347,OverallQual,7
1356,OverallQual,7
1387,OverallQual,7
1410,OverallQual,7
1421,OverallQual,6
1430,OverallQual,6
1440,OverallQual,7
1457,OverallQual,6
9,OverallQual,7
49,OverallQual,4
64,OverallQual,7
69,OverallQual,4
75,OverallQual,3
80,OverallQual,5
94,OverallQual,6
107,OverallQual,4
108,OverallQual,5
128,OverallQual,5
155,OverallQual,6
164,OverallQual,4
165,OverallQual,6
171,OverallQual,5
180,OverallQual,5
184,OverallQual,7
186,OverallQual,10
188,OverallQual,5
199,OverallQual,6
203,OverallQual,6
205,OverallQual,5
218,OverallQual,4
242,OverallQual,5
243,OverallQual,5
247,OverallQual,6
260,OverallQual,5
264,OverallQual,5
265,OverallQual,5
305,OverallQual,7
313,OverallQual,5
315,OverallQual,7
324,OverallQual,3
354,OverallQual,6
395,OverallQual,5
414,OverallQual,5
426,OverallQual,7
432,OverallQual,6
437,OverallQual,6
450,OverallQual,3
451,OverallQual,6
457,OverallQual,5
459,OverallQual,8
480,OverallQual,4
483,OverallQual,7
489,OverallQual,5
495,OverallQual,5
506,OverallQual,5
509,OverallQual,7
521,OverallQual,4
549,OverallQual,5
552,OverallQual,5
580,OverallQual,5
584,OverallQual,10
597,OverallQual,6
631,OverallQual,5
635,OverallQual,6
638,OverallQual,5
677,OverallQual,4
678,OverallQual,5
694,OverallQual,5
704,OverallQual,5
717,OverallQual,7
736,OverallQual,7
741,OverallQual,5
748,OverallQual,7
751,OverallQual,4
785,OverallQual,6
787,OverallQual,5
789,OverallQual,4
810,OverallQual,5
822,OverallQual,4
837,OverallQual,5
842,OverallQual,5
845,OverallQual,5
875,OverallQual,5
946,OverallQual,5
969,OverallQual,3
987,OverallQual,6
992,OverallQual,8
1002,OverallQual,5
1014,OverallQual,5
1023,OverallQual,5
1063,OverallQual,5
1064,OverallQual,6
1077,OverallQual,5
1115,OverallQual,5
1130,OverallQual,5
1133,OverallQual,6
1149,OverallQual,7
1150,OverallQual,7
1178,OverallQual,6
1184,OverallQual,5
1187,OverallQual,3
1193,OverallQual,5
1198,OverallQual,7
1249,OverallQual,6
1267,OverallQual,7
1293,OverallQual,5
1309,OverallQual,5
1329,OverallQual,6
1338,OverallQual,4
1346,OverallQual,4
1350,OverallQual,8
1371,OverallQual,4
1383,OverallQual,7
1388,OverallQual,6
1394,OverallQual,6
1405,OverallQual,3
1409,OverallQual,4
1417,OverallQual,4
1429,OverallQual,5
1433,OverallQual,4
1439,OverallQual,6
11,OverallQual,5
13,OverallQual,5
18,OverallQual,4
25,OverallQual,5
32,OverallQual,5
50,OverallQual,5
79,OverallQual,4
117,OverallQual,5
135,OverallQual,5
145,OverallQual,5
178,OverallQual,5
207,OverallQual,5
229,OverallQual,5
263,OverallQual,6
289,OverallQual,5
403,OverallQual,5
406,OverallQual,4
417,OverallQual,6
463,OverallQual,5
476,OverallQual,5
485,OverallQual,5
499,OverallQual,5
539,OverallQual,5
561,OverallQual,5
578,OverallQual,5
588,OverallQual,5
610,OverallQual,4
623,OverallQual,5
669,OverallQual,5
680,OverallQual,5
699,OverallQual,5
710,OverallQual,5
715,OverallQual,6
734,OverallQual,5
735,OverallQual,5
742,OverallQual,6
744,OverallQual,5
758,OverallQual,6
771,OverallQual,5
778,OverallQual,5
797,OverallQual,6
836,OverallQual,4
846,OverallQual,5
855,OverallQual,5
856,OverallQual,5
862,OverallQual,5
868,OverallQual,4
879,OverallQual,5
892,OverallQual,6
893,OverallQual,6
894,OverallQual,5
900,OverallQual,5
905,OverallQual,5
958,OverallQual,5
980,OverallQual,5
1011,OverallQual,5
1041,OverallQual,5
1082,OverallQual,5
1118,OverallQual,5
1119,OverallQual,5
1138,OverallQual,5
1144,OverallQual,5
1163,OverallQual,5
1164,OverallQual,4
1195,OverallQual,6
1200,OverallQual,4
1214,OverallQual,4
1216,OverallQual,5
1217,OverallQual,6
1222,OverallQual,5
1231,OverallQual,5
1273,OverallQual,5
1384,OverallQual,5
1446,OverallQual,6
19,OverallQual,5
43,OverallQual,5
61,OverallQual,6
102,OverallQual,6
103,OverallQual,5
119,OverallQual,7
124,OverallQual,6
149,OverallQual,7
189,OverallQual,5
209,OverallQual,7
238,OverallQual,7
244,OverallQual,6
245,OverallQual,7
253,OverallQual,6
281,OverallQual,7
285,OverallQual,6
307,OverallQual,7
323,OverallQual,7
342,OverallQual,4
373,OverallQual,6
384,OverallQual,6
415,OverallQual,7
427,OverallQual,7
470,OverallQual,6
507,OverallQual,8
569,OverallQual,8
603,OverallQual,8
668,OverallQual,6
681,OverallQual,6
743,OverallQual,7
779,OverallQual,5
782,OverallQual,6
788,OverallQual,7
796,OverallQual,6
828,OverallQual,7
847,OverallQual,7
863,OverallQual,6
870,OverallQual,7
895,OverallQual,5
898,OverallQual,5
919,OverallQual,7
921,OverallQual,6
924,OverallQual,6
937,OverallQual,7
952,OverallQual,5
973,OverallQual,6
1044,OverallQual,7
1086,OverallQual,6
1107,OverallQual,7
1134,OverallQual,8
1147,OverallQual,6
1206,OverallQual,7
1207,OverallQual,4
1211,OverallQual,6
1239,OverallQual,6
1310,OverallQual,6
1342,OverallQual,6
1349,OverallQual,7
1414,OverallQual,8
7,OverallQual,8
48,OverallQual,8
57,OverallQual,8
83,OverallQual,8
88,OverallQual,6
106,OverallQual,8
116,OverallQual,6
159,OverallQual,7
181,OverallQual,6
197,OverallQual,7
213,OverallQual,7
241,OverallQual,8
257,OverallQual,6
271,OverallQual,8
282,OverallQual,6
284,OverallQual,8
286,OverallQual,7
298,OverallQual,7
318,OverallQual,8
378,OverallQual,8
382,OverallQual,7
400,OverallQual,7
410,OverallQual,8
413,OverallQual,7
454,OverallQual,8
461,OverallQual,8
502,OverallQual,7
508,OverallQual,6
526,OverallQual,7
550,OverallQual,7
579,OverallQual,7
604,OverallQual,7
624,OverallQual,6
642,OverallQual,7
645,OverallQual,9
651,OverallQual,7
665,OverallQual,8
687,OverallQual,7
688,OverallQual,7
700,OverallQual,7
756,OverallQual,6
759,OverallQual,7
763,OverallQual,7
766,OverallQual,9
794,OverallQual,8
806,OverallQual,7
825,OverallQual,8
830,OverallQual,7
832,OverallQual,7
865,OverallQual,7
876,OverallQual,8
886,OverallQual,9
907,OverallQual,8
915,OverallQual,6
933,OverallQual,9
938,OverallQual,7
960,OverallQual,7
974,OverallQual,7
976,OverallQual,7
978,OverallQual,7
990,OverallQual,7
1003,OverallQual,8
1088,OverallQual,8
1090,OverallQual,8
1092,OverallQual,7
1159,OverallQual,8
1173,OverallQual,7
1192,OverallQual,8
1210,OverallQual,8
1218,OverallQual,8
1227,OverallQual,6
1242,OverallQual,7
1247,OverallQual,7
1266,OverallQual,7
1304,OverallQual,7
1318,OverallQual,7
1325,OverallQual,8
1331,OverallQual,8
1359,OverallQual,6
1365,OverallQual,7
1366,OverallQual,7
1375,OverallQual,7
1404,OverallQual,8
1443,OverallQual,10
1452,OverallQual,8
1455,OverallQual,7
59,OverallQual,10
173,OverallQual,7
179,OverallQual,9
190,OverallQual,8
337,OverallQual,9
379,OverallQual,9
471,OverallQual,8
475,OverallQual,8
567,OverallQual,9
596,OverallQual,8
679,OverallQual,8
686,OverallQual,7
689,OverallQual,8
703,OverallQual,8
713,OverallQual,8
721,OverallQual,8
731,OverallQual,8
745,OverallQual,8
770,OverallQual,8
1018,OverallQual,8
1047,OverallQual,9
1061,OverallQual,8
1098,OverallQual,8
1289,OverallQual,8
1362,OverallQual,7
268,OverallQual,5
292,OverallQual,5
355,OverallQual,6
381,OverallQual,5
407,OverallQual,6
462,OverallQual,7
566,OverallQual,6
577,OverallQual,7
636,OverallQual,6
682,OverallQual,5
800,OverallQual,5
824,OverallQual,6
841,OverallQual,6
884,OverallQual,4
1010,OverallQual,5
1031,OverallQual,5
1032,OverallQual,7
1093,OverallQual,6
1101,OverallQual,2
1131,OverallQual,4
1235,OverallQual,5
1285,OverallQual,6
1361,OverallQual,5
1377,OverallQual,6
1400,OverallQual,6
42,OverallQual,5
134,OverallQual,8
158,OverallQual,8
170,OverallQual,8
175,OverallQual,6
314,OverallQual,7
336,OverallQual,5
341,OverallQual,8
430,OverallQual,6
453,OverallQual,6
531,OverallQual,6
541,OverallQual,9
573,OverallQual,7
586,OverallQual,8
620,OverallQual,8
693,OverallQual,7
696,OverallQual,6
701,OverallQual,8
732,OverallQual,7
867,OverallQual,8
882,OverallQual,7
931,OverallQual,8
945,OverallQual,6
948,OverallQual,8
965,OverallQual,7
1025,OverallQual,8
1028,OverallQual,8
1037,OverallQual,9
1181,OverallQual,7
1185,OverallQual,5
1240,OverallQual,8
1268,OverallQual,9
1282,OverallQual,7
1348,OverallQual,8
1376,OverallQual,8
1380,OverallQual,5
1396,OverallQual,8
1397,OverallQual,5
2,OverallQual,6
54,OverallQual,9
161,OverallQual,6
327,OverallQual,8
401,OverallQual,8
673,OverallQual,6
765,OverallQual,8
850,OverallQual,6
1156,OverallQual,5
1165,OverallQual,5
1254,OverallQual,7
15,GrLivArea,1253
17,GrLivArea,1004
20,GrLivArea,1339
27,GrLivArea,900
29,GrLivArea,1600
34,GrLivArea,1700
38,GrLivArea,1297
39,GrLivArea,1057
41,GrLivArea,1324
45,GrLivArea,1150
55,GrLivArea,1360
56,GrLivArea,1425
67,GrLivArea,2207
71,GrLivArea,2223
74,GrLivArea,1086
77,GrLivArea,952
81,GrLivArea,2142
84,GrLivArea,1065
91,GrLivArea,1040
92,GrLivArea,1235
100,GrLivArea,1225
123,GrLivArea,1080
129,GrLivArea,1348
130,GrLivArea,1053
131,GrLivArea,2157
133,GrLivArea,1327
137,GrLivArea,1214
141,GrLivArea,864
143,GrLivArea,1385
157,GrLivArea,1040
172,GrLivArea,1656
174,GrLivArea,1362
192,GrLivArea,1479
198,GrLivArea,3112
208,GrLivArea,1100
210,GrLivArea,1092
216,GrLivArea,1236
224,GrLivArea,864
231,GrLivArea,1194
248,GrLivArea,1375
254,GrLivArea,1302
255,GrLivArea,1314
261,GrLivArea,1382
274,GrLivArea,1632
287,GrLivArea,1734
288,GrLivArea,858
295,GrLivArea,1644
312,GrLivArea,972
325,GrLivArea,2978
328,GrLivArea,1383
331,GrLivArea,1728
332,GrLivArea,1056
340,GrLivArea,1215
343,GrLivArea,1040
347,GrLivArea,958
348,GrLivArea,1478
367,GrLivArea,1394
368,GrLivArea,1431
369,GrLivArea,1268
370,GrLivArea,1287
374,GrLivArea,1319
393,GrLivArea,882
398,GrLivArea,1812
420,GrLivArea,1056
425,GrLivArea,1196
428,GrLivArea,907
447,GrLivArea,1888
467,GrLivArea,1277
468,GrLivArea,1644
486,GrLivArea,1113
487,GrLivArea,1073
492,GrLivArea,1578
494,GrLivArea,1269
500,GrLivArea,912
510,GrLivArea,1041
511,GrLivArea,1363
513,GrLivArea,864
522,GrLivArea,1244
527,GrLivArea,928
533,GrLivArea,827
538,GrLivArea,864
544,GrLivArea,767
557,GrLivArea,1092
570,GrLivArea,943
571,GrLivArea,1728
572,GrLivArea,864
575,GrLivArea,1109
576,GrLivArea,1216
581,GrLivArea,1429
606,GrLivArea,1986
616,GrLivArea,1054
618,GrLivArea,832
626,GrLivArea,1116
627,GrLivArea,1422
628,GrLivArea,1520
629,GrLivArea,2080
630,GrLivArea,1350
634,GrLivArea,1056
643,GrLivArea,2704
646,GrLivArea,981
647,GrLivArea,1048
649,GrLivArea,1839
657,GrLivArea,1053
659,GrLivArea,1458
663,GrLivArea,1392
667,GrLivArea,2380
675,GrLivArea,1136
723,GrLivArea,864
726,GrLivArea,864
729,GrLivArea,1776
737,GrLivArea,1040
755,GrLivArea,1026
761,GrLivArea,864
774,GrLivArea,912
798,GrLivArea,773
805,GrLivArea,1128
807,GrLivArea,980
809,GrLivArea,1086
814,GrLivArea,1442
817,GrLivArea,1008
831,GrLivArea,1392
834,GrLivArea,1516
835,GrLivArea,1144
843,GrLivArea,1165
844,GrLivArea,1800
854,GrLivArea,1445
864,GrLivArea,1148
866,GrLivArea,1002
871,GrLivArea,894
873,GrLivArea,910
874,GrLivArea,1268
885,GrLivArea,892
887,GrLivArea,1712
889,GrLivArea,2217
890,GrLivArea,1505
891,GrLivArea,924
896,GrLivArea,1796
901,GrLivArea,858
902,GrLivArea,1306
906,GrLivArea,1063
911,GrLivArea,2274
920,GrLivArea,1414
932,GrLivArea,925
935,GrLivArea,2069
947,GrLivArea,1144
951,GrLivArea,864
968,GrLivArea,1098
970,GrLivArea,1095
971,GrLivArea,1192
981,GrLivArea,999
993,GrLivArea,1851
997,GrLivArea,1050
1007,GrLivArea,1657
1015,GrLivArea,1082
1027,GrLivArea,1264
1029,GrLivArea,1376
1053,GrLivArea,1977
1065,GrLivArea,1154
1068,GrLivArea,1611
1070,GrLivArea,893
1071,GrLivArea,1048
1078,GrLivArea,1096
1084,GrLivArea,1251
1091,GrLivArea,1040
1094,GrLivArea,1200
1095,GrLivArea,936
1102,GrLivArea,950
1103,GrLivArea,1134
1104,GrLivArea,1194
1113,GrLivArea,816
1114,GrLivArea,1008
1120,GrLivArea,1040
1126,GrLivArea,1005
1137,GrLivArea,1252
1141,GrLivArea,952
1151,GrLivArea,932
1155,GrLivArea,1820
1157,GrLivArea,1265
1172,GrLivArea,1261
1201,GrLivArea,864
1209,GrLivArea,1283
1215,GrLivArea,999
1221,GrLivArea,912
1223,GrLivArea,1846
1224,GrLivArea,2136
1226,GrLivArea,1138
1228,GrLivArea,912
1230,GrLivArea,1507
1232,GrLivArea,1190
1233,GrLivArea,1224
1234,GrLivArea,1188
1250,GrLivArea,988
1251,GrLivArea,2110
1260,GrLivArea,1054
1262,GrLivArea,1050
1265,GrLivArea,1337
1270,GrLivArea,1524
1276,GrLivArea,1920
1291,GrLivArea,1152
1296,GrLivArea,1052
1297,GrLivArea,1128
1300,GrLivArea,1246
1316,GrLivArea,2112
1321,GrLivArea,1478
1341,GrLivArea,872
1351,GrLivArea,2634
1352,GrLivArea,1716
1357,GrLivArea,892
1358,GrLivArea,1078
1363,GrLivArea,1738
1372,GrLivArea,1661
1382,GrLivArea,2117
1392,GrLivArea,1584
1393,GrLivArea,900
1399,GrLivArea,1904
1412,GrLivArea,1668
1413,GrLivArea,1040
1419,GrLivArea,1144
1425,GrLivArea,1344
1426,GrLivArea,1252
1428,GrLivArea,1558
1436,GrLivArea,1537
1437,GrLivArea,864
1451,GrLivArea,1792
1459,GrLivArea,1078
5,GrLivArea,2198
86,GrLivArea,2417
227,GrLivArea,2520
232,GrLivArea,2794
273,GrLivArea,2270
319,GrLivArea,2646
360,GrLivArea,1924
404,GrLivArea,2263
424,GrLivArea,2630
497,GrLivArea,3228
518,GrLivArea,2344
525,GrLivArea,2398
542,GrLivArea,2285
565,GrLivArea,2295
655,GrLivArea,2113
662,GrLivArea,2448
685,GrLivArea,1839
692,GrLivArea,4316
719,GrLivArea,2418
749,GrLivArea,1720
760,GrLivArea,2531
764,GrLivArea,2365
793,GrLivArea,2013
982,GrLivArea,2612
991,GrLivArea,2392
1033,GrLivArea,2520
1058,GrLivArea,1850
1106,GrLivArea,2622
1170,GrLivArea,3627
1176,GrLivArea,2872
1183,GrLivArea,4476
1188,GrLivArea,1624
1257,GrLivArea,1987
1303,GrLivArea,2526
1313,GrLivArea,2810
1314,GrLivArea,2599
1323,GrLivArea,1923
1354,GrLivArea,3238
1374,GrLivArea,2633
1418,GrLivArea,2450
1427,GrLivArea,2127
127,GrLivArea,958
196,GrLivArea,1456
505,GrLivArea,1322
551,GrLivArea,1069
676,GrLivArea,1441
963,GrLivArea,1548
1161,GrLivArea,1456
1422,GrLivArea,1069
1432,GrLivArea,958
12,GrLivArea,2324
21,GrLivArea,2376
26,GrLivArea,1600
28,GrLivArea,1704
35,GrLivArea,1561
36,GrLivArea,2452
46,GrLivArea,1752
63,GrLivArea,1370
66,GrLivArea,2473
152,GrLivArea,1710
162,GrLivArea,2668
163,GrLivArea,1541
168,GrLivArea,2161
200,GrLivArea,1713
225,GrLivArea,2392
239,GrLivArea,1694
279,GrLivArea,2121
283,GrLivArea,1314
310,GrLivArea,1944
321,GrLivArea,2596
322,GrLivArea,2468
333,GrLivArea,1629
334,GrLivArea,1358
344,GrLivArea,1684
349,GrLivArea,1626
350,GrLivArea,2728
351,GrLivArea,1869
390,GrLivArea,2332
409,GrLivArea,2172
441,GrLivArea,2402
469,GrLivArea,1634
474,GrLivArea,1976
478,GrLivArea,2643
481,GrLivArea,1850
482,GrLivArea,1792
512,GrLivArea,1368
516,GrLivArea,2020
528,GrLivArea,2713
553,GrLivArea,1717
555,GrLivArea,2046
568,GrLivArea,1535
582,GrLivArea,2042
592,GrLivArea,2296
601,GrLivArea,1904
619,GrLivArea,1828
632,GrLivArea,1554
641,GrLivArea,1518
690,GrLivArea,1362
708,GrLivArea,1324
754,GrLivArea,2098
775,GrLivArea,1973
799,GrLivArea,3140
804,GrLivArea,2822
820,GrLivArea,1358
826,GrLivArea,2084
878,GrLivArea,2224
899,GrLivArea,2364
927,GrLivArea,2374
972,GrLivArea,1626
988,GrLivArea,1940
995,GrLivArea,1718
1043,GrLivArea,1306
1057,GrLivArea,1364
1059,GrLivArea,2184
1110,GrLivArea,1836
1116,GrLivArea,1734
1158,GrLivArea,1314
1166,GrLivArea,1502
1229,GrLivArea,1702
1237,GrLivArea,1626
1244,GrLivArea,2076
1252,GrLivArea,1405
1290,GrLivArea,1970
1306,GrLivArea,1652
1307,GrLivArea,1368
1360,GrLivArea,1980
1438,GrLivArea,1932
8,GrLivArea,2090
101,GrLivArea,1610
110,GrLivArea,1844
125,GrLivArea,1586
136,GrLivArea,1682
153,GrLivArea,1993
223,GrLivArea,1552
246,GrLivArea,1872
266,GrLivArea,1422
294,GrLivArea,2263
299,GrLivArea,1743
317,GrLivArea,2353
320,GrLivArea,1472
339,GrLivArea,1621
365,GrLivArea,1574
422,GrLivArea,1602
456,GrLivArea,1242
472,GrLivArea,1969
488,GrLivArea,1484
517,GrLivArea,2119
543,GrLivArea,1680
546,GrLivArea,2183
612,GrLivArea,1032
622,GrLivArea,2614
625,GrLivArea,1790
633,GrLivArea,1411
644,GrLivArea,1620
661,GrLivArea,1935
702,GrLivArea,1164
716,GrLivArea,1350
718,GrLivArea,1178
746,GrLivArea,2715
767,GrLivArea,1714
786,GrLivArea,1342
811,GrLivArea,1309
859,GrLivArea,1370
860,GrLivArea,2654
925,GrLivArea,1686
926,GrLivArea,1126
928,GrLivArea,1978
950,GrLivArea,1381
962,GrLivArea,2872
989,GrLivArea,2030
998,GrLivArea,1442
1004,GrLivArea,1680
1016,GrLivArea,1665
1042,GrLivArea,1632
1045,GrLivArea,2524
1056,GrLivArea,1523
1072,GrLivArea,1556
1081,GrLivArea,1258
1100,GrLivArea,1601
1112,GrLivArea,1964
1142,GrLivArea,1868
1160,GrLivArea,1876
1205,GrLivArea,1074
1243,GrLivArea,1173
1246,GrLivArea,1868
1272,GrLivArea,1489
1277,GrLivArea,1395
1278,GrLivArea,1724
1287,GrLivArea,1328
1294,GrLivArea,1664
1336,GrLivArea,1334
1337,GrLivArea,1656
1347,GrLivArea,2156
1356,GrLivArea,1920
1387,GrLivArea,2784
1410,GrLivArea,2093
1421,GrLivArea,1416
1430,GrLivArea,1440
1440,GrLivArea,1725
1457,GrLivArea,2073
9,GrLivArea,1774
49,GrLivArea,1452
64,GrLivArea,1710
69,GrLivArea,747
75,GrLivArea,1605
80,GrLivArea,1230
94,GrLivArea,2291
107,GrLivArea,1047
108,GrLivArea,789
128,GrLivArea,840
155,GrLivArea,1200
164,GrLivArea,882
165,GrLivArea,1616
171,GrLivArea,1382
180,GrLivArea,968
184,GrLivArea,2082
186,GrLivArea,3608
188,GrLivArea,1656
199,GrLivArea,2229
203,GrLivArea,1310
205,GrLivArea,1284
218,GrLivArea,1328
242,GrLivArea,866
243,GrLivArea,1440
247,GrLivArea,1928
260,GrLivArea,882
264,GrLivArea,1316
265,GrLivArea,764
305,GrLivArea,3493
313,GrLivArea,1118
315,GrLivArea,1641
324,GrLivArea,1163
354,GrLivArea,720
395,GrLivArea,1034
414,GrLivArea,1028
426,GrLivArea,1389
432,GrLivArea,1198
437,GrLivArea,1118
450,GrLivArea,1183
451,GrLivArea,813
457,GrLivArea,1344
459,GrLivArea,1666
480,GrLivArea,1131
483,GrLivArea,1826
489,GrLivArea,2414
495,GrLivArea,886
506,GrLivArea,1960
509,GrLivArea,1378
521,GrLivArea,1294
549,GrLivArea,825
552,GrLivArea,928
580,GrLivArea,1795
584,GrLivArea,2775
597,GrLivArea,1368
631,GrLivArea,1750
635,GrLivArea,1056
638,GrLivArea,1387
677,GrLivArea,1774
678,GrLivArea,792
694,GrLivArea,1073
704,GrLivArea,1812
717,GrLivArea,2554
736,GrLivArea,1768
741,GrLivArea,1432
748,GrLivArea,2640
751,GrLivArea,1140
785,GrLivArea,1484
787,GrLivArea,1652
789,GrLivArea,901
810,GrLivArea,2138
822,GrLivArea,936
837,GrLivArea,1559
842,GrLivArea,1539
845,GrLivArea,1416
875,GrLivArea,1131
946,GrLivArea,1869
969,GrLivArea,968
987,GrLivArea,1635
992,GrLivArea,1742
1002,GrLivArea,691
1014,GrLivArea,1022
1023,GrLivArea,1248
1063,GrLivArea,2337
1064,GrLivArea,1103
1077,GrLivArea,1466
1115,GrLivArea,833
1130,GrLivArea,936
1133,GrLivArea,2210
1149,GrLivArea,1111
1150,GrLivArea,1482
1178,GrLivArea,1224
1184,GrLivArea,1130
1187,GrLivArea,1699
1193,GrLivArea,1472
1198,GrLivArea,1690
1249,GrLivArea,2058
1267,GrLivArea,1889
1293,GrLivArea,2372
1309,GrLivArea,1122
1329,GrLivArea,2792
1338,GrLivArea,693
1346,GrLivArea,960
1350,GrLivArea,2358
1371,GrLivArea,1374
1383,GrLivArea,1762
1388,GrLivArea,2526
1394,GrLivArea,1912
1405,GrLivArea,1214
1409,GrLivArea,1363
1417,GrLivArea,2290
1429,GrLivArea,804
1433,GrLivArea,968
1439,GrLivArea,1236
11,GrLivArea,1040
13,GrLivArea,912
18,GrLivArea,1296
25,GrLivArea,1060
32,GrLivArea,1228
50,GrLivArea,955
79,GrLivArea,1768
117,GrLivArea,1092
135,GrLivArea,1721
145,GrLivArea,1728
178,GrLivArea,1920
207,GrLivArea,1696
229,GrLivArea,912
263,GrLivArea,1212
289,GrLivArea,900
403,GrLivArea,672
406,GrLivArea,1620
417,GrLivArea,1400
463,GrLivArea,864
476,GrLivArea,970
485,GrLivArea,999
499,GrLivArea,899
539,GrLivArea,1159
561,GrLivArea,1392
578,GrLivArea,1320
588,GrLivArea,860
610,GrLivArea,1029
623,GrLivArea,980
669,GrLivArea,1437
680,GrLivArea,988
699,GrLivArea,894
710,GrLivArea,904
715,GrLivArea,1479
734,GrLivArea,1144
735,GrLivArea,948
742,GrLivArea,912
744,GrLivArea,1464
758,GrLivArea,1386
771,GrLivArea,858
778,GrLivArea,894
797,GrLivArea,1285
836,GrLivArea,1067
846,GrLivArea,1701
855,GrLivArea,1779
856,GrLivArea,1040
862,GrLivArea,1039
868,GrLivArea,1120
879,GrLivArea,1155
892,GrLivArea,1683
893,GrLivArea,1068
894,GrLivArea,1383
900,GrLivArea,1236
905,GrLivArea,902
958,GrLivArea,1057
980,GrLivArea,1121
1011,GrLivArea,1271
1041,GrLivArea,1803
1082,GrLivArea,1040
1118,GrLivArea,894
1119,GrLivArea,1601
1138,GrLivArea,1020
1144,GrLivArea,1006
1163,GrLivArea,894
1164,GrLivArea,1258
1195,GrLivArea,1352
1200,GrLivArea,1382
1214,GrLivArea,960
1216,GrLivArea,894
1217,GrLivArea,1902
1222,GrLivArea,1211
1231,GrLivArea,2620
1273,GrLivArea,935
1384,GrLivArea,1416
1446,GrLivArea,913
19,GrLivArea,1114
43,GrLivArea,884
61,GrLivArea,1158
102,GrLivArea,1732
103,GrLivArea,1535
119,GrLivArea,3222
124,GrLivArea,1199
149,GrLivArea,1080
189,GrLivArea,1224
209,GrLivArea,2062
238,GrLivArea,1744
244,GrLivArea,1217
245,GrLivArea,2110
253,GrLivArea,1640
281,GrLivArea,1982
285,GrLivArea,1575
307,GrLivArea,2243
323,GrLivArea,2730
342,GrLivArea,841
373,GrLivArea,752
384,GrLivArea,784
415,GrLivArea,2097
427,GrLivArea,1644
470,GrLivArea,1710
507,GrLivArea,1911
569,GrLivArea,2132
603,GrLivArea,1915
668,GrLivArea,1679
681,GrLivArea,923
743,GrLivArea,1349
779,GrLivArea,2020
782,GrLivArea,1603
788,GrLivArea,2084
796,GrLivArea,1564
828,GrLivArea,1434
847,GrLivArea,1775
863,GrLivArea,1097
870,GrLivArea,1949
895,GrLivArea,1535
898,GrLivArea,2240
919,GrLivArea,2127
921,GrLivArea,1721
924,GrLivArea,1617
937,GrLivArea,1200
952,GrLivArea,965
973,GrLivArea,918
1044,GrLivArea,2329
1086,GrLivArea,996
1107,GrLivArea,1442
1134,GrLivArea,2020
1147,GrLivArea,1298
1206,GrLivArea,2196
1207,GrLivArea,1056
1211,GrLivArea,1845
1239,GrLivArea,1141
1310,GrLivArea,1294
1342,GrLivArea,1114
1349,GrLivArea,1494
1414,GrLivArea,1844
7,GrLivArea,1694
48,GrLivArea,1656
57,GrLivArea,1739
83,GrLivArea,1563
88,GrLivArea,1224
106,GrLivArea,1992
116,GrLivArea,1458
159,GrLivArea,1947
181,GrLivArea,1525
197,GrLivArea,1726
213,GrLivArea,1852
241,GrLivArea,1566
257,GrLivArea,1728
271,GrLivArea,1939
282,GrLivArea,1262
284,GrLivArea,1468
286,GrLivArea,1250
298,GrLivArea,1950
318,GrLivArea,1959
378,GrLivArea,2466
382,GrLivArea,1301
400,GrLivArea,1550
410,GrLivArea,2078
413,GrLivArea,1478
454,GrLivArea,1590
461,GrLivArea,1935
502,GrLivArea,1768
508,GrLivArea,1218
526,GrLivArea,1266
550,GrLivArea,2094
579,GrLivArea,1392
604,GrLivArea,1200
624,GrLivArea,1512
642,GrLivArea,1929
645,GrLivArea,1766
651,GrLivArea,1665
665,GrLivArea,2097
687,GrLivArea,1761
688,GrLivArea,1102
700,GrLivArea,1391
756,GrLivArea,1471
759,GrLivArea,1501
763,GrLivArea,1547
766,GrLivArea,1506
794,GrLivArea,1496
806,GrLivArea,1428
825,GrLivArea,1489
830,GrLivArea,1223
832,GrLivArea,1200
865,GrLivArea,1372
876,GrLivArea,2610
886,GrLivArea,1709
907,GrLivArea,1636
915,GrLivArea,1224
933,GrLivArea,1905
938,GrLivArea,1971
960,GrLivArea,1416
974,GrLivArea,1428
976,GrLivArea,1382
978,GrLivArea,1241
990,GrLivArea,1576
1003,GrLivArea,1574
1088,GrLivArea,1953
1090,GrLivArea,1247
1092,GrLivArea,1252
1159,GrLivArea,1580
1173,GrLivArea,1250
1192,GrLivArea,1441
1210,GrLivArea,1660
1218,GrLivArea,1314
1227,GrLivArea,1933
1242,GrLivArea,1689
1247,GrLivArea,1553
1266,GrLivArea,1452
1304,GrLivArea,1616
1318,GrLivArea,1352
1325,GrLivArea,1795
1331,GrLivArea,1588
1359,GrLivArea,1573
1365,GrLivArea,1200
1366,GrLivArea,1674
1375,GrLivArea,1958
1404,GrLivArea,1464
1443,GrLivArea,2007
1452,GrLivArea,1578
1455,GrLivArea,1221
59,GrLivArea,2945
173,GrLivArea,1767
179,GrLivArea,2234
190,GrLivArea,1593
337,GrLivArea,1922
379,GrLivArea,1856
471,GrLivArea,1502
475,GrLivArea,1652
567,GrLivArea,2504
596,GrLivArea,1826
679,GrLivArea,2046
686,GrLivArea,2090
689,GrLivArea,1419
703,GrLivArea,2576
713,GrLivArea,1228
721,GrLivArea,1742
731,GrLivArea,1616
745,GrLivArea,1337
770,GrLivArea,3279
1018,GrLivArea,1360
1047,GrLivArea,2868
1061,GrLivArea,1338
1098,GrLivArea,1088
1289,GrLivArea,1659
1362,GrLivArea,1530
268,GrLivArea,2192
292,GrLivArea,1716
355,GrLivArea,1595
381,GrLivArea,1691
407,GrLivArea,1639
462,GrLivArea,1135
566,GrLivArea,1647
577,GrLivArea,1477
636,GrLivArea,3395
682,GrLivArea,1520
800,GrLivArea,1768
824,GrLivArea,1489
841,GrLivArea,1482
884,GrLivArea,2230
1010,GrLivArea,1522
1031,GrLivArea,1928
1032,GrLivArea,3082
1093,GrLivArea,1694
1101,GrLivArea,438
1131,GrLivArea,1981
1235,GrLivArea,1964
1285,GrLivArea,2447
1361,GrLivArea,2601
1377,GrLivArea,790
1400,GrLivArea,1608
42,GrLivArea,1328
134,GrLivArea,1296
158,GrLivArea,1968
170,GrLivArea,1707
175,GrLivArea,1651
314,GrLivArea,2036
336,GrLivArea,1786
341,GrLivArea,1908
430,GrLivArea,1412
453,GrLivArea,1756
531,GrLivArea,1509
541,GrLivArea,1838
573,GrLivArea,1692
586,GrLivArea,2028
620,GrLivArea,2262
693,GrLivArea,2519
696,GrLivArea,1137
701,GrLivArea,1800
732,GrLivArea,1146
867,GrLivArea,1646
882,GrLivArea,1717
931,GrLivArea,1466
945,GrLivArea,1344
948,GrLivArea,1629
965,GrLivArea,1894
1025,GrLivArea,2898
1028,GrLivArea,1646
1037,GrLivArea,1620
1181,GrLivArea,2514
1185,GrLivArea,1572
1240,GrLivArea,1484
1268,GrLivArea,2018
1282,GrLivArea,1339
1348,GrLivArea,1776
1376,GrLivArea,1571
1380,GrLivArea,1394
1396,GrLivArea,2482
1397,GrLivArea,1687
2,GrLivArea,1262
54,GrLivArea,1842
161,GrLivArea,1232
327,GrLivArea,1719
401,GrLivArea,1288
673,GrLivArea,1208
765,GrLivArea,1494
850,GrLivArea,1855
1156,GrLivArea,1437
1165,GrLivArea,1432
1254,GrLivArea,2167
